T (K);H (kJ/kmol)
100;-89587,13674
100,05;-89584,49905
100,1;-89581,8195
100,15;-89579,18182
100,2;-89576,54413
100,25;-89573,86458
100,3;-89571,2269
100,35;-89568,58921
100,4;-89565,90966
100,45;-89563,27198
100,5;-89560,59242
100,55;-89557,95474
100,6;-89555,31706
100,65;-89552,6375
100,7;-89549,99982
100,75;-89547,32027
100,8;-89544,68258
100,85;-89542,0449
100,9;-89539,36535
100,95;-89536,72766
101;-89534,04811
101,05;-89531,41043
101,1;-89528,73088
101,15;-89526,09319
101,2;-89523,45551
101,25;-89520,77596
101,3;-89518,13827
101,35;-89515,45872
101,4;-89512,82104
101,45;-89510,14148
101,5;-89507,5038
101,55;-89504,82425
101,6;-89502,18656
101,65;-89499,50701
101,7;-89496,86933
101,75;-89494,18978
101,8;-89491,55209
101,85;-89488,87254
101,9;-89486,23486
101,95;-89483,5553
102;-89480,91762
102,05;-89478,23807
102,1;-89475,60038
102,15;-89472,92083
102,2;-89470,28315
102,25;-89467,6036
102,3;-89464,96591
102,35;-89462,28636
102,4;-89459,64868
102,45;-89456,96912
102,5;-89454,28957
102,55;-89451,65189
102,6;-89448,97234
102,65;-89446,33465
102,7;-89443,6551
102,75;-89441,01742
102,8;-89438,33786
102,85;-89435,65831
102,9;-89433,02063
102,95;-89430,34108
103;-89427,70339
103,05;-89425,02384
103,1;-89422,34429
103,15;-89419,7066
103,2;-89417,02705
103,25;-89414,3475
103,3;-89411,70982
103,35;-89409,03026
103,4;-89406,35071
103,45;-89403,71303
103,5;-89401,03348
103,55;-89398,35392
103,6;-89395,71624
103,65;-89393,03669
103,7;-89390,35714
103,75;-89387,71945
103,8;-89385,0399
103,85;-89382,36035
103,9;-89379,72266
103,95;-89377,04311
104;-89374,36356
104,05;-89371,72588
104,1;-89369,04632
104,15;-89366,36677
104,2;-89363,68722
104,25;-89361,04954
104,3;-89358,36998
104,35;-89355,69043
104,4;-89353,01088
104,45;-89350,3732
104,5;-89347,69364
104,55;-89345,01409
104,6;-89342,33454
104,65;-89339,69686
104,7;-89337,0173
104,75;-89334,33775
104,8;-89331,6582
104,85;-89328,97865
104,9;-89326,34096
104,95;-89323,66141
105;-89320,98186
105,05;-89318,30231
105,1;-89315,62276
105,15;-89312,98507
105,2;-89310,30552
105,25;-89307,62597
105,3;-89304,94642
105,35;-89302,26686
105,4;-89299,58731
105,45;-89296,94963
105,5;-89294,27008
105,55;-89291,59052
105,6;-89288,91097
105,65;-89286,23142
105,7;-89283,55187
105,75;-89280,87232
105,8;-89278,19276
105,85;-89275,55508
105,9;-89272,87553
105,95;-89270,19598
106;-89267,51642
106,05;-89264,83687
106,1;-89262,15732
106,15;-89259,47777
106,2;-89256,79822
106,25;-89254,11866
106,3;-89251,43911
106,35;-89248,75956
106,4;-89246,08001
106,45;-89243,40046
106,5;-89240,7209
106,55;-89238,04135
106,6;-89235,3618
106,65;-89232,68225
106,7;-89230,0027
106,75;-89227,32314
106,8;-89224,64359
106,85;-89221,96404
106,9;-89219,28449
106,95;-89216,60494
107;-89213,92538
107,05;-89211,24583
107,1;-89208,56628
107,15;-89205,88673
107,2;-89203,20718
107,25;-89200,52762
107,3;-89197,84807
107,35;-89195,16852
107,4;-89192,48897
107,45;-89189,80942
107,5;-89187,12986
107,55;-89184,45031
107,6;-89181,77076
107,65;-89179,09121
107,7;-89176,41166
107,75;-89173,69024
107,8;-89171,01068
107,85;-89168,33113
107,9;-89165,65158
107,95;-89162,97203
108;-89160,29248
108,05;-89157,61292
108,1;-89154,93337
108,15;-89152,21195
108,2;-89149,5324
108,25;-89146,85285
108,3;-89144,1733
108,35;-89141,49374
108,4;-89138,81419
108,45;-89136,09277
108,5;-89133,41322
108,55;-89130,73367
108,6;-89128,05412
108,65;-89125,37456
108,7;-89122,65314
108,75;-89119,97359
108,8;-89117,29404
108,85;-89114,61449
108,9;-89111,89307
108,95;-89109,21352
109;-89106,53396
109,05;-89103,85441
109,1;-89101,13299
109,15;-89098,45344
109,2;-89095,77389
109,25;-89093,09434
109,3;-89090,37292
109,35;-89087,69336
109,4;-89085,01381
109,45;-89082,33426
109,5;-89079,61284
109,55;-89076,93329
109,6;-89074,25374
109,65;-89071,53232
109,7;-89068,85276
109,75;-89066,17321
109,8;-89063,45179
109,85;-89060,77224
109,9;-89058,09269
109,95;-89055,37127
110;-89052,69172
110,05;-89049,9703
110,1;-89047,29074
110,15;-89044,61119
110,2;-89041,88977
110,25;-89039,21022
110,3;-89036,53067
110,35;-89033,80925
110,4;-89031,1297
110,45;-89028,40828
110,5;-89025,72872
110,55;-89023,0073
110,6;-89020,32775
110,65;-89017,6482
110,7;-89014,92678
110,75;-89012,24723
110,8;-89009,52581
110,85;-89006,84626
110,9;-89004,12484
110,95;-89001,44528
111;-88998,72386
111,05;-88996,04431
111,1;-88993,32289
111,15;-88990,64334
111,2;-88987,92192
111,25;-88985,24237
111,3;-88982,52095
111,35;-88979,8414
111,4;-88977,11998
111,45;-88974,44042
111,5;-88971,719
111,55;-88968,99758
111,6;-88966,31803
111,65;-88963,59661
111,7;-88960,91706
111,75;-88958,19564
111,8;-88955,51609
111,85;-88952,79467
111,9;-88950,07325
111,95;-88947,3937
112;-88944,67228
112,05;-88941,95086
112,1;-88939,2713
112,15;-88936,54988
112,2;-88933,87033
112,25;-88931,14891
112,3;-88928,42749
112,35;-88925,74794
112,4;-88923,02652
112,45;-88920,3051
112,5;-88917,62555
112,55;-88914,90413
112,6;-88912,18271
112,65;-88909,50316
112,7;-88906,78174
112,75;-88904,06032
112,8;-88901,3389
112,85;-88898,65934
112,9;-88895,93792
112,95;-88893,2165
113;-88890,49508
113,05;-88887,81553
113,1;-88885,09411
113,15;-88882,37269
113,2;-88879,65127
113,25;-88876,97172
113,3;-88874,2503
113,35;-88871,52888
113,4;-88868,80746
113,45;-88866,08604
113,5;-88863,40649
113,55;-88860,68507
113,6;-88857,96365
113,65;-88855,24223
113,7;-88852,52081
113,75;-88849,79939
113,8;-88847,11984
113,85;-88844,39842
113,9;-88841,677
113,95;-88838,95558
114;-88836,23416
114,05;-88833,51274
114,1;-88830,79132
114,15;-88828,0699
114,2;-88825,34848
114,25;-88822,66892
114,3;-88819,9475
114,35;-88817,22608
114,4;-88814,50466
114,45;-88811,78324
114,5;-88809,06182
114,55;-88806,3404
114,6;-88803,61898
114,65;-88800,89756
114,7;-88798,17614
114,75;-88795,45472
114,8;-88792,7333
114,85;-88790,01188
114,9;-88787,29046
114,95;-88784,56904
115;-88781,84762
115,05;-88779,1262
115,1;-88776,40478
115,15;-88773,68336
115,2;-88770,96194
115,25;-88768,24052
115,3;-88765,5191
115,35;-88762,79768
115,4;-88760,07626
115,45;-88757,31298
115,5;-88754,59156
115,55;-88751,87014
115,6;-88749,14872
115,65;-88746,4273
115,7;-88743,70588
115,75;-88740,98446
115,8;-88738,26304
115,85;-88735,54162
115,9;-88732,77833
115,95;-88730,05691
116;-88727,33549
116,05;-88724,61407
116,1;-88721,89265
116,15;-88719,17123
116,2;-88716,40794
116,25;-88713,68652
116,3;-88710,9651
116,35;-88708,24368
116,4;-88705,48039
116,45;-88702,75897
116,5;-88700,03755
116,55;-88697,31613
116,6;-88694,59471
116,65;-88691,83142
116,7;-88689,11
116,75;-88686,38858
116,8;-88683,6253
116,85;-88680,90388
116,9;-88678,18246
116,95;-88675,46104
117;-88672,69775
117,05;-88669,97633
117,1;-88667,25491
117,15;-88664,49162
117,2;-88661,7702
117,25;-88659,04878
117,3;-88656,28549
117,35;-88653,56407
117,4;-88650,80078
117,45;-88648,07936
117,5;-88645,35794
117,55;-88642,59466
117,6;-88639,87324
117,65;-88637,10995
117,7;-88634,38853
117,75;-88631,66711
117,8;-88628,90382
117,85;-88626,1824
117,9;-88623,41911
117,95;-88620,69769
118;-88617,9344
118,05;-88615,21298
118,1;-88612,4497
118,15;-88609,72828
118,2;-88606,96499
118,25;-88604,24357
118,3;-88601,48028
118,35;-88598,75886
118,4;-88595,99557
118,45;-88593,27415
118,5;-88590,51086
118,55;-88587,78944
118,6;-88585,02616
118,65;-88582,30474
118,7;-88579,54145
118,75;-88576,77816
118,8;-88574,05674
118,85;-88571,29345
118,9;-88568,57203
118,95;-88565,80874
119;-88563,04546
119,05;-88560,32404
119,1;-88557,56075
119,15;-88554,79746
119,2;-88552,07604
119,25;-88549,31275
119,3;-88546,59133
119,35;-88543,82804
119,4;-88541,06476
119,45;-88538,30147
119,5;-88535,58005
119,55;-88532,81676
119,6;-88530,05347
119,65;-88527,33205
119,7;-88524,56876
119,75;-88521,80548
119,8;-88519,04219
119,85;-88516,32077
119,9;-88513,55748
119,95;-88510,79419
120;-88508,0309
120,05;-88505,26762
120,1;-88502,5462
120,15;-88499,78291
120,2;-88497,01962
120,25;-88494,25633
120,3;-88491,49304
120,35;-88488,77162
120,4;-88486,00834
120,45;-88483,24505
120,5;-88480,48176
120,55;-88477,71847
120,6;-88474,95518
120,65;-88472,1919
120,7;-88469,42861
120,75;-88466,66532
120,8;-88463,9439
120,85;-88461,18061
120,9;-88458,41732
120,95;-88455,65404
121;-88452,89075
121,05;-88450,12746
121,1;-88447,36417
121,15;-88444,60088
121,2;-88441,8376
121,25;-88439,07431
121,3;-88436,31102
121,35;-88433,54773
121,4;-88430,78444
121,45;-88428,02116
121,5;-88425,25787
121,55;-88422,49458
121,6;-88419,73129
121,65;-88416,968
121,7;-88414,20472
121,75;-88411,44143
121,8;-88408,63627
121,85;-88405,87298
121,9;-88403,1097
121,95;-88400,34641
122;-88397,58312
122,05;-88394,81983
122,1;-88392,05654
122,15;-88389,29326
122,2;-88386,4881
122,25;-88383,72481
122,3;-88380,96152
122,35;-88378,19824
122,4;-88375,43495
122,45;-88372,62979
122,5;-88369,8665
122,55;-88367,10322
122,6;-88364,33993
122,65;-88361,57664
122,7;-88358,77148
122,75;-88356,0082
122,8;-88353,24491
122,85;-88350,48162
122,9;-88347,67646
122,95;-88344,91318
123;-88342,14989
123,05;-88339,34473
123,1;-88336,58144
123,15;-88333,81816
123,2;-88331,013
123,25;-88328,24971
123,3;-88325,48642
123,35;-88322,68127
123,4;-88319,91798
123,45;-88317,15469
123,5;-88314,34954
123,55;-88311,58625
123,6;-88308,78109
123,65;-88306,0178
123,7;-88303,21265
123,75;-88300,44936
123,8;-88297,68607
123,85;-88294,88092
123,9;-88292,11763
123,95;-88289,31247
124;-88286,54918
124,05;-88283,74403
124,1;-88280,98074
124,15;-88278,17558
124,2;-88275,4123
124,25;-88272,60714
124,3;-88269,84385
124,35;-88267,0387
124,4;-88264,27541
124,45;-88261,47025
124,5;-88258,6651
124,55;-88255,90181
124,6;-88253,09665
124,65;-88250,33336
124,7;-88247,52821
124,75;-88244,72305
124,8;-88241,95976
124,85;-88239,15461
124,9;-88236,34945
124,95;-88233,58616
125;-88230,78101
125,05;-88227,97585
125,1;-88225,21256
125,15;-88222,40741
125,2;-88219,60225
125,25;-88216,83896
125,3;-88214,03381
125,35;-88211,22865
125,4;-88208,4235
125,45;-88205,66021
125,5;-88202,85505
125,55;-88200,0499
125,6;-88197,24474
125,65;-88194,43958
125,7;-88191,6763
125,75;-88188,87114
125,8;-88186,06598
125,85;-88183,26083
125,9;-88180,45567
125,95;-88177,65052
126;-88174,88723
126,05;-88172,08207
126,1;-88169,27692
126,15;-88166,47176
126,2;-88163,6666
126,25;-88160,86145
126,3;-88158,05629
126,35;-88155,25114
126,4;-88152,44598
126,45;-88149,64082
126,5;-88146,83567
126,55;-88144,03051
126,6;-88141,22536
126,65;-88138,4202
126,7;-88135,61504
126,75;-88132,80989
126,8;-88130,00473
126,85;-88127,19958
126,9;-88124,39442
126,95;-88121,58926
127;-88118,78411
127,05;-88115,97895
127,1;-88113,1738
127,15;-88110,36864
127,2;-88107,56348
127,25;-88104,75833
127,3;-88101,95317
127,35;-88099,14802
127,4;-88096,30099
127,45;-88093,49584
127,5;-88090,69068
127,55;-88087,88552
127,6;-88085,08037
127,65;-88082,23334
127,7;-88079,42819
127,75;-88076,62303
127,8;-88073,81788
127,85;-88071,01272
127,9;-88068,1657
127,95;-88065,36054
128;-88062,55538
128,05;-88059,75023
128,1;-88056,9032
128,15;-88054,09805
128,2;-88051,29289
128,25;-88048,44587
128,3;-88045,64071
128,35;-88042,83556
128,4;-88039,98853
128,45;-88037,18338
128,5;-88034,37822
128,55;-88031,5312
128,6;-88028,72604
128,65;-88025,87902
128,7;-88023,07386
128,75;-88020,2687
128,8;-88017,42168
128,85;-88014,61652
128,9;-88011,7695
128,95;-88008,96434
129;-88006,11732
129,05;-88003,31216
129,1;-88000,46514
129,15;-87997,65998
129,2;-87994,81296
129,25;-87992,0078
129,3;-87989,16078
129,35;-87986,35562
129,4;-87983,5086
129,45;-87980,66158
129,5;-87977,85642
129,55;-87975,0094
129,6;-87972,20424
129,65;-87969,35722
129,7;-87966,51019
129,75;-87963,70504
129,8;-87960,85801
129,85;-87958,01099
129,9;-87955,20583
129,95;-87952,35881
130;-87949,51178
130,05;-87946,70663
130,1;-87943,8596
130,15;-87941,01258
130,2;-87938,16556
130,25;-87935,3604
130,3;-87932,51338
130,35;-87929,66635
130,4;-87926,81933
130,45;-87924,01417
130,5;-87921,16715
130,55;-87918,32012
130,6;-87915,4731
130,65;-87912,62608
130,7;-87909,77905
130,75;-87906,9739
130,8;-87904,12687
130,85;-87901,27985
130,9;-87898,43282
130,95;-87895,5858
131;-87892,73878
131,05;-87889,89175
131,1;-87887,04473
131,15;-87884,1977
131,2;-87881,35068
131,25;-87878,50366
131,3;-87875,65663
131,35;-87872,80961
131,4;-87869,96258
131,45;-87867,11556
131,5;-87864,26854
131,55;-87861,42151
131,6;-87858,57449
131,65;-87855,72746
131,7;-87852,88044
131,75;-87850,03342
131,8;-87847,18639
131,85;-87844,33937
131,9;-87841,49234
131,95;-87838,60345
132;-87835,75643
132,05;-87832,9094
132,1;-87830,06238
132,15;-87827,21536
132,2;-87824,36833
132,25;-87821,47944
132,3;-87818,63242
132,35;-87815,78539
132,4;-87812,93837
132,45;-87810,04948
132,5;-87807,20245
132,55;-87804,35543
132,6;-87801,5084
132,65;-87798,61951
132,7;-87795,77249
132,75;-87792,92546
132,8;-87790,03657
132,85;-87787,18955
132,9;-87784,30066
132,95;-87781,45363
133;-87778,60661
133,05;-87775,71772
133,1;-87772,87069
133,15;-87769,9818
133,2;-87767,13478
133,25;-87764,28775
133,3;-87761,39886
133,35;-87758,55184
133,4;-87755,66294
133,45;-87752,81592
133,5;-87749,92703
133,55;-87747,08
133,6;-87744,19111
133,65;-87741,34409
133,7;-87738,4552
133,75;-87735,5663
133,8;-87732,71928
133,85;-87729,83039
133,9;-87726,98336
133,95;-87724,09447
134;-87721,20558
134,05;-87718,35856
134,1;-87715,46966
134,15;-87712,58077
134,2;-87709,73375
134,25;-87706,84486
134,3;-87703,95596
134,35;-87701,10894
134,4;-87698,22005
134,45;-87695,33116
134,5;-87692,44226
134,55;-87689,59524
134,6;-87686,70635
134,65;-87683,81746
134,7;-87680,92856
134,75;-87678,03967
134,8;-87675,19265
134,85;-87672,30376
134,9;-87669,41486
134,95;-87666,52597
135;-87663,63708
135,05;-87660,74819
135,1;-87657,8593
135,15;-87654,9704
135,2;-87652,08151
135,25;-87649,19262
135,3;-87646,30373
135,35;-87643,41484
135,4;-87640,52594
135,45;-87637,63705
135,5;-87634,74816
135,55;-87631,85927
135,6;-87628,97038
135,65;-87626,08148
135,7;-87623,19259
135,75;-87620,3037
135,8;-87617,41481
135,85;-87614,52592
135,9;-87611,63702
135,95;-87608,74813
136;-87605,85924
136,05;-87602,92848
136,1;-87600,03959
136,15;-87597,1507
136,2;-87594,2618
136,25;-87591,37291
136,3;-87588,44215
136,35;-87585,55326
136,4;-87582,66437
136,45;-87579,77548
136,5;-87576,84472
136,55;-87573,95582
136,6;-87571,06693
136,65;-87568,13617
136,7;-87565,24728
136,75;-87562,35839
136,8;-87559,42763
136,85;-87556,53874
136,9;-87553,64984
136,95;-87550,71908
137;-87547,83019
137,05;-87544,89943
137,1;-87542,01054
137,15;-87539,12165
137,2;-87536,19089
137,25;-87533,302
137,3;-87530,37124
137,35;-87527,48234
137,4;-87524,55158
137,45;-87521,66269
137,5;-87518,73193
137,55;-87515,80117
137,6;-87512,91228
137,65;-87509,98152
137,7;-87507,09263
137,75;-87504,16187
137,8;-87501,23111
137,85;-87498,34222
137,9;-87495,41146
137,95;-87492,4807
138;-87489,5918
138,05;-87486,66104
138,1;-87483,73028
138,15;-87480,84139
138,2;-87477,91063
138,25;-87474,97987
138,3;-87472,04911
138,35;-87469,16022
138,4;-87466,22946
138,45;-87463,2987
138,5;-87460,36794
138,55;-87457,43718
138,6;-87454,50642
138,65;-87451,57566
138,7;-87448,68677
138,75;-87445,75601
138,8;-87442,82525
138,85;-87439,89449
138,9;-87436,96373
138,95;-87434,03297
139;-87431,10221
139,05;-87428,17145
139,1;-87425,24069
139,15;-87422,30993
139,2;-87419,37917
139,25;-87416,44841
139,3;-87413,51765
139,35;-87410,58689
139,4;-87407,65613
139,45;-87404,72537
139,5;-87401,75274
139,55;-87398,82198
139,6;-87395,89122
139,65;-87392,96046
139,7;-87390,0297
139,75;-87387,09894
139,8;-87384,12631
139,85;-87381,19555
139,9;-87378,26479
139,95;-87375,33403
140;-87372,3614
140,05;-87369,43064
140,1;-87366,49988
140,15;-87363,56912
140,2;-87360,5965
140,25;-87357,66574
140,3;-87354,69311
140,35;-87351,76235
140,4;-87348,83159
140,45;-87345,85896
140,5;-87342,9282
140,55;-87339,95557
140,6;-87337,02481
140,65;-87334,09405
140,7;-87331,12142
140,75;-87328,19066
140,8;-87325,21804
140,85;-87322,28728
140,9;-87319,31465
140,95;-87316,34202
141;-87313,41126
141,05;-87310,43863
141,1;-87307,50787
141,15;-87304,53524
141,2;-87301,56262
141,25;-87298,63186
141,3;-87295,65923
141,35;-87292,6866
141,4;-87289,75584
141,45;-87286,78321
141,5;-87283,81058
141,55;-87280,87982
141,6;-87277,9072
141,65;-87274,93457
141,7;-87271,96194
141,75;-87268,98931
141,8;-87266,05855
141,85;-87263,08592
141,9;-87260,1133
141,95;-87257,14067
142;-87254,16804
142,05;-87251,19541
142,1;-87248,22278
142,15;-87245,25016
142,2;-87242,3194
142,25;-87239,34677
142,3;-87236,37414
142,35;-87233,40151
142,4;-87230,42888
142,45;-87227,45626
142,5;-87224,48363
142,55;-87221,46913
142,6;-87218,4965
142,65;-87215,52388
142,7;-87212,55125
142,75;-87209,57862
142,8;-87206,60599
142,85;-87203,63336
142,9;-87200,66074
142,95;-87197,64624
143;-87194,67361
143,05;-87191,70098
143,1;-87188,72836
143,15;-87185,75573
143,2;-87182,74123
143,25;-87179,7686
143,3;-87176,79598
143,35;-87173,78148
143,4;-87170,80885
143,45;-87167,83622
143,5;-87164,82173
143,55;-87161,8491
143,6;-87158,8346
143,65;-87155,86198
143,7;-87152,88935
143,75;-87149,87485
143,8;-87146,90222
143,85;-87143,88773
143,9;-87140,9151
143,95;-87137,9006
144;-87134,92798
144,05;-87131,91348
144,1;-87128,94085
144,15;-87125,92636
144,2;-87122,91186
144,25;-87119,93923
144,3;-87116,92474
144,35;-87113,91024
144,4;-87110,93761
144,45;-87107,92312
144,5;-87104,90862
144,55;-87101,93599
144,6;-87098,9215
144,65;-87095,907
144,7;-87092,8925
144,75;-87089,91988
144,8;-87086,90538
144,85;-87083,89088
144,9;-87080,87639
144,95;-87077,86189
145;-87074,8474
145,05;-87071,8329
145,1;-87068,8184
145,15;-87065,84578
145,2;-87062,83128
145,25;-87059,81678
145,3;-87056,80229
145,35;-87053,78779
145,4;-87050,7733
145,45;-87047,7588
145,5;-87044,7443
145,55;-87041,68794
145,6;-87038,67344
145,65;-87035,65895
145,7;-87032,64445
145,75;-87029,62996
145,8;-87026,61546
145,85;-87023,60096
145,9;-87020,5446
145,95;-87017,5301
146;-87014,51561
146,05;-87011,50111
146,1;-87008,44475
146,15;-87005,43025
146,2;-87002,41576
146,25;-86999,40126
146,3;-86996,3449
146,35;-86993,3304
146,4;-86990,27404
146,45;-86987,25954
146,5;-86984,24504
146,55;-86981,18868
146,6;-86978,17418
146,65;-86975,11782
146,7;-86972,10332
146,75;-86969,04696
146,8;-86966,03246
146,85;-86962,9761
146,9;-86959,9616
146,95;-86956,90524
147;-86953,84888
147,05;-86950,83438
147,1;-86947,77802
147,15;-86944,76352
147,2;-86941,70716
147,25;-86938,65079
147,3;-86935,59443
147,35;-86932,57993
147,4;-86929,52357
147,45;-86926,4672
147,5;-86923,41084
147,55;-86920,39634
147,6;-86917,33998
147,65;-86914,28362
147,7;-86911,22725
147,75;-86908,17089
147,8;-86905,11452
147,85;-86902,05816
147,9;-86899,0018
147,95;-86895,94543
148;-86892,88907
148,05;-86889,8327
148,1;-86886,77634
148,15;-86883,71998
148,2;-86880,66361
148,25;-86877,60725
148,3;-86874,55088
148,35;-86871,49452
148,4;-86868,43816
148,45;-86865,38179
148,5;-86862,32543
148,55;-86859,2272
148,6;-86856,17083
148,65;-86853,11447
148,7;-86850,0581
148,75;-86846,95987
148,8;-86843,90351
148,85;-86840,84714
148,9;-86837,74891
148,95;-86834,69255
149;-86831,63618
149,05;-86828,53795
149,1;-86825,48159
149,15;-86822,38336
149,2;-86819,32699
149,25;-86816,27063
149,3;-86813,1724
149,35;-86810,11603
149,4;-86807,0178
149,45;-86803,91957
149,5;-86800,8632
149,55;-86797,76497
149,6;-86794,70861
149,65;-86791,61038
149,7;-86788,51214
149,75;-86785,45578
149,8;-86782,35755
149,85;-86779,25932
149,9;-86776,20295
149,95;-86773,10472
150;-86770,00649
150,05;-86766,90826
150,1;-86763,81002
150,15;-86760,75366
150,2;-86757,65543
150,25;-86754,5572
150,3;-86751,45896
150,35;-86748,36073
150,4;-86745,2625
150,45;-86742,16427
150,5;-86739,06604
150,55;-86735,9678
150,6;-86732,86957
150,65;-86729,77134
150,7;-86726,67311
150,75;-86723,57488
150,8;-86720,47664
150,85;-86717,37841
150,9;-86714,23831
150,95;-86711,14008
151;-86708,04185
151,05;-86704,94362
151,1;-86701,84538
151,15;-86698,70528
151,2;-86695,60705
151,25;-86692,50882
151,3;-86689,36872
151,35;-86686,27049
151,4;-86683,17226
151,45;-86680,03216
151,5;-86676,93392
151,55;-86673,79382
151,6;-86670,69559
151,65;-86667,59736
151,7;-86664,45726
151,75;-86661,35903
151,8;-86658,21893
151,85;-86655,07883
151,9;-86651,9806
151,95;-86648,8405
152;-86645,74226
152,05;-86642,60216
152,1;-86639,46206
152,15;-86636,36383
152,2;-86633,22373
152,25;-86630,08363
152,3;-86626,94353
152,35;-86623,8453
152,4;-86620,7052
152,45;-86617,5651
152,5;-86614,425
152,55;-86611,2849
152,6;-86608,1448
152,65;-86605,0047
152,7;-86601,8646
152,75;-86598,7245
152,8;-86595,5844
152,85;-86592,4443
152,9;-86589,3042
152,95;-86586,1641
153;-86583,024
153,05;-86579,8839
153,1;-86576,7438
153,15;-86573,6037
153,2;-86570,4636
153,25;-86567,28163
153,3;-86564,14153
153,35;-86561,00143
153,4;-86557,86133
153,45;-86554,67936
153,5;-86551,53926
153,55;-86548,39916
153,6;-86545,2172
153,65;-86542,0771
153,7;-86538,937
153,75;-86535,75503
153,8;-86532,61493
153,85;-86529,43296
153,9;-86526,29286
153,95;-86523,11089
154;-86519,97079
154,05;-86516,78882
154,1;-86513,60686
154,15;-86510,46676
154,2;-86507,28479
154,25;-86504,14469
154,3;-86500,96272
154,35;-86497,78075
154,4;-86494,59878
154,45;-86491,45868
154,5;-86488,27672
154,55;-86485,09475
154,6;-86481,91278
154,65;-86478,73081
154,7;-86475,54884
154,75;-86472,40874
154,8;-86469,22678
154,85;-86466,04481
154,9;-86462,86284
154,95;-86459,68087
155;-86456,4989
155,05;-86453,31694
155,1;-86450,13497
155,15;-86446,91113
155,2;-86443,72916
155,25;-86440,5472
155,3;-86437,36523
155,35;-86434,18326
155,4;-86430,95942
155,45;-86427,77746
155,5;-86424,59549
155,55;-86421,41352
155,6;-86418,18968
155,65;-86415,00772
155,7;-86411,82575
155,75;-86408,60191
155,8;-86405,41994
155,85;-86402,19611
155,9;-86399,01414
155,95;-86395,7903
156;-86392,60834
156,05;-86389,3845
156,1;-86386,20253
156,15;-86382,9787
156,2;-86379,75486
156,25;-86376,57289
156,3;-86373,34906
156,35;-86370,12522
156,4;-86366,94325
156,45;-86363,71942
156,5;-86360,49558
156,55;-86357,27174
156,6;-86354,04791
156,65;-86350,82407
156,7;-86347,6421
156,75;-86344,41827
156,8;-86341,19443
156,85;-86337,9706
156,9;-86334,74676
156,95;-86331,52292
157;-86328,29909
157,05;-86325,07525
157,1;-86321,80955
157,15;-86318,58571
157,2;-86315,36188
157,25;-86312,13804
157,3;-86308,9142
157,35;-86305,6485
157,4;-86302,42466
157,45;-86299,20083
157,5;-86295,97699
157,55;-86292,71129
157,6;-86289,48745
157,65;-86286,22175
157,7;-86282,99791
157,75;-86279,77408
157,8;-86276,50837
157,85;-86273,28454
157,9;-86270,01883
157,95;-86266,75313
158;-86263,52929
158,05;-86260,26359
158,1;-86257,03975
158,15;-86253,77405
158,2;-86250,50834
158,25;-86247,24264
158,3;-86244,0188
158,35;-86240,7531
158,4;-86237,4874
158,45;-86234,22169
158,5;-86230,95599
158,55;-86227,69028
158,6;-86224,42458
158,65;-86221,20074
158,7;-86217,93504
158,75;-86214,66934
158,8;-86211,36176
158,85;-86208,09606
158,9;-86204,83036
158,95;-86201,56465
159;-86198,29895
159,05;-86195,03324
159,1;-86191,76754
159,15;-86188,45997
159,2;-86185,19426
159,25;-86181,92856
159,3;-86178,62099
159,35;-86175,35528
159,4;-86172,08958
159,45;-86168,78201
159,5;-86165,5163
159,55;-86162,20873
159,6;-86158,94303
159,65;-86155,63546
159,7;-86152,36975
159,75;-86149,06218
159,8;-86145,75461
159,85;-86142,4889
159,9;-86139,18133
159,95;-86135,87376
160;-86132,60806
160,05;-86129,30048
160,1;-86125,99291
160,15;-86122,68534
160,2;-86119,37777
160,25;-86116,11206
160,3;-86112,80449
160,35;-86109,49692
160,4;-86106,18935
160,45;-86102,88178
160,5;-86099,5742
160,55;-86096,26663
160,6;-86092,91719
160,65;-86089,60962
160,7;-86086,30205
160,75;-86082,99448
160,8;-86079,6869
160,85;-86076,33746
160,9;-86073,02989
160,95;-86069,72232
161;-86066,37288
161,05;-86063,06531
161,1;-86059,75774
161,15;-86056,4083
161,2;-86053,10072
161,25;-86049,75128
161,3;-86046,44371
161,35;-86043,09427
161,4;-86039,74483
161,45;-86036,43726
161,5;-86033,08782
161,55;-86029,73838
161,6;-86026,43081
161,65;-86023,08137
161,7;-86019,73193
161,75;-86016,38249
161,8;-86013,03305
161,85;-86009,72548
161,9;-86006,37604
161,95;-86003,0266
162;-85999,67716
162,05;-85996,32772
162,1;-85992,97828
162,15;-85989,62884
162,2;-85986,23753
162,25;-85982,88809
162,3;-85979,53865
162,35;-85976,18921
162,4;-85972,83977
162,45;-85969,44846
162,5;-85966,09902
162,55;-85962,74958
162,6;-85959,35827
162,65;-85956,00883
162,7;-85952,61752
162,75;-85949,26808
162,8;-85945,87678
162,85;-85942,52734
162,9;-85939,13603
162,95;-85935,78659
163;-85932,39528
163,05;-85929,00397
163,1;-85925,65453
163,15;-85922,26322
163,2;-85918,87192
163,25;-85915,48061
163,3;-85912,0893
163,35;-85908,73986
163,4;-85905,34855
163,45;-85901,95724
163,5;-85898,56594
163,55;-85895,17463
163,6;-85891,78332
163,65;-85888,35014
163,7;-85884,95884
163,75;-85881,56753
163,8;-85878,17622
163,85;-85874,78491
163,9;-85871,35174
163,95;-85867,96043
164;-85864,56912
164,05;-85861,13594
164,1;-85857,74464
164,15;-85854,35333
164,2;-85850,92015
164,25;-85847,52884
164,3;-85844,09567
164,35;-85840,66249
164,4;-85837,27118
164,45;-85833,83801
164,5;-85830,40483
164,55;-85827,01352
164,6;-85823,58035
164,65;-85820,14717
164,7;-85816,714
164,75;-85813,28082
164,8;-85809,88951
164,85;-85806,45634
164,9;-85803,02316
164,95;-85799,58998
165;-85796,15681
165,05;-85792,68176
165,1;-85789,24859
165,15;-85785,81541
165,2;-85782,38224
165,25;-85778,94906
165,3;-85775,47402
165,35;-85772,04084
165,4;-85768,60766
165,45;-85765,13262
165,5;-85761,69944
165,55;-85758,2244
165,6;-85754,79122
165,65;-85751,31618
165,7;-85747,883
165,75;-85744,40796
165,8;-85740,93292
165,85;-85737,49974
165,9;-85734,0247
165,95;-85730,54965
166;-85727,07461
166,05;-85723,64143
166,1;-85720,16639
166,15;-85716,69134
166,2;-85713,2163
166,25;-85709,74126
166,3;-85706,26621
166,35;-85702,79117
166,4;-85699,31612
166,45;-85695,79921
166,5;-85692,32417
166,55;-85688,84912
166,6;-85685,37408
166,65;-85681,85717
166,7;-85678,38212
166,75;-85674,90708
166,8;-85671,39017
166,85;-85667,91512
166,9;-85664,39821
166,95;-85660,92317
167;-85657,40626
167,05;-85653,88934
167,1;-85650,4143
167,15;-85646,89739
167,2;-85643,38048
167,25;-85639,86356
167,3;-85636,34665
167,35;-85632,87161
167,4;-85629,3547
167,45;-85625,83778
167,5;-85622,32087
167,55;-85618,80396
167,6;-85615,28705
167,65;-85611,72827
167,7;-85608,21136
167,75;-85604,69444
167,8;-85601,17753
167,85;-85597,61875
167,9;-85594,10184
167,95;-85590,58493
168;-85587,02615
168,05;-85583,50924
168,1;-85579,95046
168,15;-85576,43354
168,2;-85572,87476
168,25;-85569,31598
168,3;-85565,79907
168,35;-85562,24029
168,4;-85558,68151
168,45;-85555,12273
168,5;-85551,60582
168,55;-85548,04704
168,6;-85544,48826
168,65;-85540,92948
168,7;-85537,3707
168,75;-85533,81192
168,8;-85530,25314
168,85;-85526,65249
168,9;-85523,09371
168,95;-85519,53493
169;-85515,97615
169,05;-85512,3755
169,1;-85508,81672
169,15;-85505,25794
169,2;-85501,6573
169,25;-85498,09852
169,3;-85494,49787
169,35;-85490,89722
169,4;-85487,33844
169,45;-85483,73779
169,5;-85480,13714
169,55;-85476,57836
169,6;-85472,97772
169,65;-85469,37707
169,7;-85465,77642
169,75;-85462,17577
169,8;-85458,57512
169,85;-85454,97448
169,9;-85451,37383
169,95;-85447,77318
170;-85444,13066
170,05;-85440,53002
170,1;-85436,92937
170,15;-85433,28685
170,2;-85429,6862
170,25;-85426,08556
170,3;-85422,44304
170,35;-85418,84239
170,4;-85415,19988
170,45;-85411,55736
170,5;-85407,95671
170,55;-85404,3142
170,6;-85400,67168
170,65;-85397,02916
170,7;-85393,42852
170,75;-85389,786
170,8;-85386,14348
170,85;-85382,50097
170,9;-85378,85845
170,95;-85375,21594
171;-85371,53155
171,05;-85367,88904
171,1;-85364,24652
171,15;-85360,604
171,2;-85356,91962
171,25;-85353,2771
171,3;-85349,59272
171,35;-85345,9502
171,4;-85342,26582
171,45;-85338,6233
171,5;-85334,93892
171,55;-85331,25454
171,6;-85327,61202
171,65;-85323,92764
171,7;-85320,24325
171,75;-85316,55887
171,8;-85312,87448
171,85;-85309,1901
171,9;-85305,50572
171,95;-85301,82133
172;-85298,13695
172,05;-85294,45256
172,1;-85290,72631
172,15;-85287,04193
172,2;-85283,35754
172,25;-85279,63129
172,3;-85275,94691
172,35;-85272,22066
172,4;-85268,53627
172,45;-85264,81002
172,5;-85261,08377
172,55;-85257,39938
172,6;-85253,67313
172,65;-85249,94688
172,7;-85246,22063
172,75;-85242,49438
172,8;-85238,76812
172,85;-85235,04187
172,9;-85231,31562
172,95;-85227,58937
173;-85223,86312
173,05;-85220,095
173,1;-85216,36874
173,15;-85212,64249
173,2;-85208,87437
173,25;-85205,14812
173,3;-85201,38
173,35;-85197,65375
173,4;-85193,88563
173,45;-85190,11751
173,5;-85186,39126
173,55;-85182,62314
173,6;-85178,85502
173,65;-85175,0869
173,7;-85171,31878
173,75;-85167,55066
173,8;-85163,78254
173,85;-85160,01442
173,9;-85156,20443
173,95;-85152,43631
174;-85148,66819
174,05;-85144,8582
174,1;-85141,09008
174,15;-85137,32196
174,2;-85133,51197
174,25;-85129,70198
174,3;-85125,93386
174,35;-85122,12388
174,4;-85118,31389
174,45;-85114,5039
174,5;-85110,69391
174,55;-85106,88392
174,6;-85103,07394
174,65;-85099,26395
174,7;-85095,45396
174,75;-85091,64397
174,8;-85087,83398
174,85;-85083,98213
174,9;-85080,17214
174,95;-85076,36215
175;-85072,5103
175,05;-85068,65844
175,1;-85064,84845
175,15;-85060,9966
175,2;-85057,14474
175,25;-85053,33475
175,3;-85049,4829
175,35;-85045,63104
175,4;-85041,77918
175,45;-85037,92733
175,5;-85034,07547
175,55;-85030,18175
175,6;-85026,32989
175,65;-85022,47804
175,7;-85018,58431
175,75;-85014,73246
175,8;-85010,8806
175,85;-85006,98688
175,9;-85003,09315
175,95;-84999,2413
176;-84995,34757
176,05;-84991,45385
176,1;-84987,56012
176,15;-84983,6664
176,2;-84979,77268
176,25;-84975,87895
176,3;-84971,98523
176,35;-84968,0915
176,4;-84964,19778
176,45;-84960,26219
176,5;-84956,36846
176,55;-84952,43287
176,6;-84948,53915
176,65;-84944,60356
176,7;-84940,70983
176,75;-84936,77424
176,8;-84932,83865
176,85;-84928,90306
176,9;-84924,96746
176,95;-84921,03187
177;-84917,09628
177,05;-84913,16069
177,1;-84909,2251
177,15;-84905,2895
177,2;-84901,31204
177,25;-84897,37645
177,3;-84893,39899
177,35;-84889,4634
177,4;-84885,48594
177,45;-84881,50848
177,5;-84877,57289
177,55;-84873,59543
177,6;-84869,61797
177,65;-84865,64051
177,7;-84861,66305
177,75;-84857,68559
177,8;-84853,70813
177,85;-84849,6888
177,9;-84845,71134
177,95;-84841,73388
178;-84837,71455
178,05;-84833,73709
178,1;-84829,71776
178,15;-84825,69844
178,2;-84821,72098
178,25;-84817,70165
178,3;-84813,68232
178,35;-84809,66299
178,4;-84805,64366
178,45;-84801,62434
178,5;-84797,60501
178,55;-84793,54381
178,6;-84789,52448
178,65;-84785,46329
178,7;-84781,44396
178,75;-84777,38276
178,8;-84773,36344
178,85;-84769,30224
178,9;-84765,24104
178,95;-84761,17985
179;-84757,11865
179,05;-84753,05746
179,1;-84748,99626
179,15;-84744,93506
179,2;-84740,87387
179,25;-84736,7708
179,3;-84732,70961
179,35;-84728,64841
179,4;-84724,54535
179,45;-84720,44228
179,5;-84716,38109
179,55;-84712,27802
179,6;-84708,17496
179,65;-84704,0719
179,7;-84699,96883
179,75;-84695,86577
179,8;-84691,72084
179,85;-84687,61777
179,9;-84683,51471
179,95;-84679,36978
180;-84675,26671
180,05;-84671,12178
180,1;-84666,97685
180,15;-84662,87378
180,2;-84658,72885
180,25;-84654,58392
180,3;-84650,43899
180,35;-84646,29406
180,4;-84642,10726
180,45;-84637,96232
180,5;-84633,81739
180,55;-84629,63059
180,6;-84625,48566
180,65;-84621,29886
180,7;-84617,11206
180,75;-84612,96713
180,8;-84608,78033
180,85;-84604,59353
180,9;-84600,40673
180,95;-84596,21993
181;-84591,99126
181,05;-84587,80446
181,1;-84583,61766
181,15;-84579,38899
181,2;-84575,20219
181,25;-84570,97352
181,3;-84566,74486
181,35;-84562,51619
181,4;-84558,28752
181,45;-84554,05885
181,5;-84549,83018
181,55;-84545,60152
181,6;-84541,37285
181,65;-84537,10231
181,7;-84532,87364
181,75;-84528,60311
181,8;-84524,33257
181,85;-84520,1039
181,9;-84515,83337
181,95;-84511,56283
182;-84507,2923
182,05;-84503,02176
182,1;-84498,75122
182,15;-84494,43882
182,2;-84490,16828
182,25;-84485,85588
182,3;-84481,58534
182,35;-84477,27294
182,4;-84472,96054
182,45;-84468,64813
182,5;-84464,33573
182,55;-84460,02332
182,6;-84455,71092
182,65;-84451,39852
182,7;-84447,04424
182,75;-84442,73184
182,8;-84438,37757
182,85;-84434,06516
182,9;-84429,71089
182,95;-84425,35662
183;-84421,00235
183,05;-84416,64808
183,1;-84412,2938
183,15;-84407,89766
183,2;-84403,54339
183,25;-84399,18912
183,3;-84394,79298
183,35;-84390,39684
183,4;-84386,0007
183,45;-84381,64643
183,5;-84377,25029
183,55;-84372,81228
183,6;-84368,41614
183,65;-84364,02
183,7;-84359,58199
183,75;-84355,18585
183,8;-84350,74784
183,85;-84346,3517
183,9;-84341,9137
183,95;-84337,47569
184;-84333,03768
184,05;-84328,59967
184,1;-84324,1198
184,15;-84319,68179
184,2;-84315,20191
184,25;-84310,7639
184,3;-84306,28403
184,35;-84301,80415
184,4;-84297,32428
184,45;-84292,8444
184,5;-84288,36452
184,55;-84283,88465
184,6;-84279,3629
184,65;-84274,88303
184,7;-84270,36128
184,75;-84265,88141
184,8;-84261,35966
184,85;-84256,83792
184,9;-84252,31618
184,95;-84247,79443
185;-84243,23082
185,05;-84238,70908
185,1;-84234,14546
185,15;-84229,62372
185,2;-84225,06011
185,25;-84220,4965
185,3;-84215,93288
185,35;-84211,36927
185,4;-84206,80566
185,45;-84202,20018
185,5;-84197,63657
185,55;-84193,03109
185,6;-84188,42561
185,65;-84183,862
185,7;-84179,25652
185,75;-84174,65104
185,8;-84170,00369
185,85;-84165,39821
185,9;-84160,79273
185,95;-84156,14538
186;-84151,49803
186,05;-84146,85068
186,1;-84142,20334
186,15;-84137,55599
186,2;-84132,90864
186,25;-84128,26129
186,3;-84123,57208
186,35;-84118,92473
186,4;-84114,23551
186,45;-84109,5463
186,5;-84104,85708
186,55;-84100,16786
186,6;-84095,47865
186,65;-84090,74756
186,7;-84086,05835
186,75;-84081,32726
186,8;-84076,59618
186,85;-84071,8651
186,9;-84067,13401
186,95;-84062,40293
187;-84057,67184
187,05;-84052,89889
187,1;-84048,16781
187,15;-84043,39486
187,2;-84038,6219
187,25;-84033,84895
187,3;-84029,076
187,35;-84024,30305
187,4;-84019,48823
187,45;-84014,71528
187,5;-84009,90046
187,55;-84005,08564
187,6;-84000,27082
187,65;-83995,456
187,7;-83990,64118
187,75;-83985,78449
187,8;-83980,96967
187,85;-83976,11298
187,9;-83971,25629
187,95;-83966,3996
188;-83961,54292
188,05;-83956,64436
188,1;-83951,78767
188,15;-83946,88912
188,2;-83942,03243
188,25;-83937,13387
188,3;-83932,23532
188,35;-83927,29489
188,4;-83922,39634
188,45;-83917,49778
188,5;-83912,55736
188,55;-83907,61693
188,6;-83902,67651
188,65;-83897,73608
188,7;-83892,79566
188,75;-83887,81337
188,8;-83882,87294
188,85;-83877,89065
188,9;-83872,90836
188,95;-83867,92607
189;-83862,90191
189,05;-83857,91962
189,1;-83852,89546
189,15;-83847,91316
189,2;-83842,889
189,25;-83837,86484
189,3;-83832,84068
189,35;-83827,77466
189,4;-83822,7505
189,45;-83817,68447
189,5;-83812,61844
189,55;-83807,55241
189,6;-83802,48638
189,65;-83797,37849
189,7;-83792,31246
189,75;-83787,20456
189,8;-83782,09667
189,85;-83776,98877
189,9;-83771,88088
189,95;-83766,73111
190;-83761,62322
190,05;-83756,47345
190,1;-83751,32369
190,15;-83746,17392
190,2;-83741,02416
190,25;-83735,83253
190,3;-83730,6409
190,35;-83725,49113
190,4;-83720,25763
190,45;-83715,066
190,5;-83709,87437
190,55;-83704,64087
190,6;-83699,44924
190,65;-83694,21574
190,7;-83688,94037
190,75;-83683,70687
190,8;-83678,47337
190,85;-83673,198
190,9;-83667,92263
190,95;-83662,64726
191;-83657,3719
191,05;-83652,05466
191,1;-83646,77929
191,15;-83641,46206
191,2;-83636,14482
191,25;-83630,78572
191,3;-83625,46848
191,35;-83620,10938
191,4;-83614,75027
191,45;-83609,39117
191,5;-83604,03206
191,55;-83598,67296
191,6;-83593,27199
191,65;-83587,87102
191,7;-83582,47004
191,75;-83577,06907
191,8;-83571,6681
191,85;-83566,22526
191,9;-83560,78242
191,95;-83555,33958
192;-83549,89674
192,05;-83544,41203
192,1;-83538,92732
192,15;-83533,48448
192,2;-83527,95791
192,25;-83522,4732
192,3;-83516,98849
192,35;-83511,46192
192,4;-83505,93534
192,45;-83500,40876
192,5;-83494,84032
192,55;-83489,27188
192,6;-83483,7453
192,65;-83478,13499
192,7;-83472,56654
192,75;-83466,9981
192,8;-83461,38779
192,85;-83455,77748
192,9;-83450,16716
192,95;-83444,51498
193;-83438,90467
193,05;-83433,25249
193,1;-83427,55844
193,15;-83421,90626
193,2;-83416,21222
193,25;-83410,56004
193,3;-83404,86599
193,35;-83399,13007
193,4;-83393,43602
193,45;-83387,70011
193,5;-83381,96419
193,55;-83376,22828
193,6;-83370,45049
193,65;-83364,67271
193,7;-83358,89492
193,75;-83353,11714
193,8;-83347,33936
193,85;-83341,5197
193,9;-83335,70005
193,95;-83329,8804
194;-83324,01888
194,05;-83318,15736
194,1;-83312,29584
194,15;-83306,43432
194,2;-83300,5728
194,25;-83294,66941
194,3;-83288,76602
194,35;-83282,86264
194,4;-83276,91738
194,45;-83270,97212
194,5;-83265,02687
194,55;-83259,08161
194,6;-83253,09449
194,65;-83247,10736
194,7;-83241,12024
194,75;-83235,13312
194,8;-83229,10412
194,85;-83223,07513
194,9;-83217,04614
194,95;-83211,01715
195;-83204,94629
195,05;-83198,87543
195,1;-83192,7627
195,15;-83186,69184
195,2;-83180,57911
195,25;-83174,46638
195,3;-83168,31179
195,35;-83162,19906
195,4;-83156,04446
195,45;-83149,848
195,5;-83143,6934
195,55;-83137,49694
195,6;-83131,30048
195,65;-83125,06214
195,7;-83118,86568
195,75;-83112,62735
195,8;-83106,34715
195,85;-83100,10882
195,9;-83093,82862
195,95;-83087,54842
196;-83081,22635
196,05;-83074,90428
196,1;-83068,58221
196,15;-83062,26014
196,2;-83055,89621
196,25;-83049,53227
196,3;-83043,16834
196,35;-83036,76253
196,4;-83030,35673
196,45;-83023,95092
196,5;-83017,50325
196,55;-83011,09745
196,6;-83004,60791
196,65;-82998,16024
196,7;-82991,6707
196,75;-82985,18116
196,8;-82978,69162
196,85;-82972,16021
196,9;-82965,6288
196,95;-82959,05552
197;-82952,52412
197,05;-82945,95084
197,1;-82939,3357
197,15;-82932,76242
197,2;-82926,14728
197,25;-82919,49026
197,3;-82912,87512
197,35;-82906,21811
197,4;-82899,51923
197,45;-82892,86222
197,5;-82886,16334
197,55;-82879,42259
197,6;-82872,72371
197,65;-82865,98296
197,7;-82859,20034
197,75;-82852,4596
197,8;-82845,67698
197,85;-82838,89436
197,9;-82832,06988
197,95;-82825,2454
198;-82818,37904
198,05;-82811,55456
198,1;-82804,68821
198,15;-82797,77999
198,2;-82790,91364
198,25;-82784,00542
198,3;-82777,05533
198,35;-82770,14711
198,4;-82763,15515
198,45;-82756,20506
198,5;-82749,21311
198,55;-82742,22115
198,6;-82735,2292
198,65;-82728,19537
198,7;-82721,16155
198,75;-82714,08586
198,8;-82707,01016
198,85;-82699,93447
198,9;-82692,81691
198,95;-82685,74122
199;-82678,58179
199,05;-82671,46423
199,1;-82664,3048
199,15;-82657,10351
199,2;-82649,94408
199,25;-82642,74278
199,3;-82635,49962
199,35;-82628,29832
199,4;-82621,01329
199,45;-82613,77013
199,5;-82606,4851
199,55;-82599,20006
199,6;-82591,91503
199,65;-82584,58813
199,7;-82577,26123
199,75;-82569,89246
199,8;-82562,5237
199,85;-82555,15493
199,9;-82547,78616
199,95;-82540,37552
200;-82532,92302
200,05;-82525,51238
200,1;-82518,05988
200,15;-82510,60738
200,2;-82503,113
200,25;-82495,61863
200,3;-82488,12426
200,35;-82480,58802
200,4;-82473,05178
200,45;-82465,51554
200,5;-82457,93743
200,55;-82450,35932
200,6;-82442,78122
200,65;-82435,16124
200,7;-82427,54126
200,75;-82419,92129
200,8;-82412,25944
200,85;-82404,5976
200,9;-82396,93576
200,95;-82389,27391
201;-82381,5702
201,05;-82373,82462
201,1;-82366,12091
201,15;-82358,37533
201,2;-82350,62975
201,25;-82342,88417
201,3;-82335,09672
201,35;-82327,30927
201,4;-82319,52182
201,45;-82311,69251
201,5;-82303,86319
201,55;-82296,03388
201,6;-82288,16269
201,65;-82280,33338
201,7;-82272,46219
201,75;-82264,54914
201,8;-82256,67796
201,85;-82248,7649
201,9;-82240,85185
201,95;-82232,9388
202;-82224,98388
202,05;-82217,02896
202,1;-82209,07404
202,15;-82201,11912
202,2;-82193,12233
202,25;-82185,16741
202,3;-82177,17062
202,35;-82169,13197
202,4;-82161,13518
202,45;-82153,09652
202,5;-82145,09974
202,55;-82137,06108
202,6;-82128,98056
202,65;-82120,9419
202,7;-82112,86138
202,75;-82104,82272
202,8;-82096,7422
202,85;-82088,6198
202,9;-82080,53928
202,95;-82072,45876
203;-82064,33636
203,05;-82056,21397
203,1;-82048,09158
203,15;-82039,96919
203,2;-82031,8468
203,25;-82023,7244
203,3;-82015,60201
203,35;-82007,43775
203,4;-81999,31536
203,45;-81991,1511
203,5;-81982,98684
203,55;-81974,82258
203,6;-81966,70019
203,65;-81958,53593
203,7;-81950,37167
203,75;-81942,16554
203,8;-81934,00128
203,85;-81925,83702
203,9;-81917,67276
203,95;-81909,5085
204;-81901,34424
204,05;-81893,13811
204,1;-81884,97385
204,15;-81876,80959
204,2;-81868,64533
204,25;-81860,4392
204,3;-81852,27494
204,35;-81844,11068
204,4;-81835,94642
204,45;-81827,78216
204,5;-81819,6179
204,55;-81811,45364
204,6;-81803,28938
204,65;-81795,12512
204,7;-81787,00273
204,75;-81778,83847
204,8;-81770,71608
204,85;-81762,55182
204,9;-81754,42943
204,95;-81746,30704
205;-81738,18464
205,05;-81730,06225
205,1;-81721,93986
205,15;-81713,85934
205,2;-81705,73694
205,25;-81697,65642
205,3;-81689,5759
205,35;-81681,49537
205,4;-81673,41485
205,45;-81665,37619
205,5;-81657,29567
205,55;-81649,25701
205,6;-81641,21836
205,65;-81633,22157
205,7;-81625,18291
205,75;-81617,18612
205,8;-81609,18934
205,85;-81601,19255
205,9;-81593,23763
205,95;-81585,28271
206;-81577,32779
206,05;-81569,37287
206,1;-81561,45982
206,15;-81553,5049
206,2;-81545,63371
206,25;-81537,72066
206,3;-81529,84948
206,35;-81521,97829
206,4;-81514,10711
206,45;-81506,27779
206,5;-81498,44848
206,55;-81490,61916
206,6;-81482,83171
206,65;-81475,04426
206,7;-81467,25682
206,75;-81459,51124
206,8;-81451,76566
206,85;-81444,02008
206,9;-81436,31636
206,95;-81428,61265
207;-81420,95081
207,05;-81413,28896
207,1;-81405,62712
207,15;-81397,96528
207,2;-81390,3453
207,25;-81382,76719
207,3;-81375,14722
207,35;-81367,61098
207,4;-81360,03287
207,45;-81352,49663
207,5;-81344,96039
207,55;-81337,46602
207,6;-81329,97164
207,65;-81322,51914
207,7;-81315,06664
207,75;-81307,61413
207,8;-81300,2035
207,85;-81292,79286
207,9;-81285,42409
207,95;-81278,05532
208;-81270,68656
208,05;-81263,35966
208,1;-81256,03276
208,15;-81248,74772
208,2;-81241,46269
208,25;-81234,21953
208,3;-81226,97636
208,35;-81219,77507
208,4;-81212,5319
208,45;-81205,37248
208,5;-81198,21305
208,55;-81191,05362
208,6;-81183,93606
208,65;-81176,8185
208,7;-81169,70094
208,75;-81162,62525
208,8;-81155,59142
208,85;-81148,5576
208,9;-81141,52378
208,95;-81134,53182
209;-81127,53986
209,05;-81120,58978
209,1;-81113,63969
209,15;-81106,6896
209,2;-81099,78138
209,25;-81092,91503
209,3;-81086,04868
209,35;-81079,18232
209,4;-81072,35784
209,45;-81065,53336
209,5;-81058,75074
209,55;-81051,96812
209,6;-81045,18551
209,65;-81038,44476
209,7;-81031,74588
209,75;-81025,047
209,8;-81018,34812
209,85;-81011,69111
209,9;-81005,0341
209,95;-80998,41895
210;-80991,80381
210,05;-80985,18866
210,1;-80978,61539
210,15;-80972,08398
210,2;-80965,5107
210,25;-80959,02116
210,3;-80952,48976
210,35;-80946,04208
210,4;-80939,55254
210,45;-80933,10487
210,5;-80926,6572
210,55;-80920,2514
210,6;-80913,88746
210,65;-80907,48166
210,7;-80901,11772
210,75;-80894,79565
210,8;-80888,47358
210,85;-80882,15152
210,9;-80875,87132
210,95;-80869,59112
211;-80863,35278
211,05;-80857,11445
211,1;-80850,87612
211,15;-80844,67966
211,2;-80838,48319
211,25;-80832,3286
211,3;-80826,174
211,35;-80820,0194
211,4;-80813,90668
211,45;-80807,79395
211,5;-80801,72309
211,55;-80795,65223
211,6;-80789,62324
211,65;-80783,55238
211,7;-80777,56525
211,75;-80771,53626
211,8;-80765,54914
211,85;-80759,60388
211,9;-80753,61676
211,95;-80747,71337
212;-80741,76811
212,05;-80735,86472
212,1;-80729,96134
212,15;-80724,09982
212,2;-80718,2383
212,25;-80712,37678
212,3;-80706,55712
212,35;-80700,73747
212,4;-80694,95969
212,45;-80689,1819
212,5;-80683,40412
212,55;-80677,6682
212,6;-80671,93229
212,65;-80666,19637
212,7;-80660,50232
212,75;-80654,80828
212,8;-80649,11423
212,85;-80643,46205
212,9;-80637,80987
212,95;-80632,15769
213;-80626,54738
213,05;-80620,93706
213,1;-80615,36862
213,15;-80609,75831
213,2;-80604,23173
213,25;-80598,66329
213,3;-80593,13671
213,35;-80587,61014
213,4;-80582,12543
213,45;-80576,59885
213,5;-80571,11414
213,55;-80565,6713
213,6;-80560,22846
213,65;-80554,78562
213,7;-80549,34278
213,75;-80543,94181
213,8;-80538,54084
213,85;-80533,13987
213,9;-80527,78076
213,95;-80522,42166
214;-80517,10442
214,05;-80511,74532
214,1;-80506,42808
214,15;-80501,11085
214,2;-80495,83548
214,25;-80490,56011
214,3;-80485,28474
214,35;-80480,00938
214,4;-80474,77588
214,45;-80469,54238
214,5;-80464,35074
214,55;-80459,11724
214,6;-80453,92561
214,65;-80448,73398
214,7;-80443,58422
214,75;-80438,43445
214,8;-80433,28469
214,85;-80428,13492
214,9;-80423,02703
214,95;-80417,91913
215;-80412,81124
215,05;-80407,70334
215,1;-80402,63731
215,15;-80397,57128
215,2;-80392,54712
215,25;-80387,4811
215,3;-80382,45694
215,35;-80377,43278
215,4;-80372,45048
215,45;-80367,42632
215,5;-80362,44403
215,55;-80357,46174
215,6;-80352,52132
215,65;-80347,53902
215,7;-80342,5986
215,75;-80337,70004
215,8;-80332,75962
215,85;-80327,86106
215,9;-80322,96251
215,95;-80318,06395
216;-80313,20726
216,05;-80308,30871
216,1;-80303,45202
216,15;-80298,59533
216,2;-80293,78051
216,25;-80288,96569
216,3;-80284,15087
216,35;-80279,33605
216,4;-80274,52123
216,45;-80269,74828
216,5;-80264,97533
216,55;-80260,20238
216,6;-80255,42942
216,65;-80250,69834
216,7;-80245,96726
216,75;-80241,23617
216,8;-80236,50509
216,85;-80231,81587
216,9;-80227,12666
216,95;-80222,43744
217;-80217,74822
217,05;-80213,05901
217,1;-80208,41166
217,15;-80203,76431
217,2;-80199,11696
217,25;-80194,46962
217,3;-80189,86414
217,35;-80185,21679
217,4;-80180,61131
217,45;-80176,0477
217,5;-80171,44222
217,55;-80166,8786
217,6;-80162,27312
217,65;-80157,70951
217,7;-80153,18777
217,75;-80148,62416
217,8;-80144,10241
217,85;-80139,58067
217,9;-80135,05892
217,95;-80130,53718
218;-80126,01544
218,05;-80121,53556
218,1;-80117,05568
218,15;-80112,57581
218,2;-80108,09593
218,25;-80103,61606
218,3;-80099,17805
218,35;-80094,74004
218,4;-80090,30203
218,45;-80085,86402
218,5;-80081,46788
218,55;-80077,02988
218,6;-80072,63374
218,65;-80068,2376
218,7;-80063,84146
218,75;-80059,48718
218,8;-80055,09104
218,85;-80050,73677
218,9;-80046,3825
218,95;-80042,02823
219;-80037,67396
219,05;-80033,31968
219,1;-80029,00728
219,15;-80024,69488
219,2;-80020,38247
219,25;-80016,07007
219,3;-80011,75766
219,35;-80007,48713
219,4;-80003,21659
219,45;-79998,90419
219,5;-79994,63365
219,55;-79990,40498
219,6;-79986,13445
219,65;-79981,90578
219,7;-79977,63524
219,75;-79973,40658
219,8;-79969,17791
219,85;-79964,94924
219,9;-79960,76244
219,95;-79956,53377
220;-79952,34697
220,05;-79948,16017
220,1;-79943,97337
220,15;-79939,78657
220,2;-79935,64164
220,25;-79931,45484
220,3;-79927,30991
220,35;-79923,16498
220,4;-79919,02004
220,45;-79914,87511
220,5;-79910,73018
220,55;-79906,62712
220,6;-79902,48218
220,65;-79898,37912
220,7;-79894,27606
220,75;-79890,17299
220,8;-79886,06993
220,85;-79882,00873
220,9;-79877,90567
220,95;-79873,84447
221;-79869,78328
221,05;-79865,72208
221,1;-79861,66088
221,15;-79857,59969
221,2;-79853,53849
221,25;-79849,51916
221,3;-79845,49984
221,35;-79841,43864
221,4;-79837,41931
221,45;-79833,44185
221,5;-79829,42252
221,55;-79825,4032
221,6;-79821,42574
221,65;-79817,40641
221,7;-79813,42895
221,75;-79809,45149
221,8;-79805,47403
221,85;-79801,53844
221,9;-79797,56098
221,95;-79793,62538
222;-79789,64792
222,05;-79785,71233
222,1;-79781,77674
222,15;-79777,84115
222,2;-79773,90556
222,25;-79769,96996
222,3;-79766,07624
222,35;-79762,14065
222,4;-79758,24692
222,45;-79754,3532
222,5;-79750,45948
222,55;-79746,56575
222,6;-79742,67203
222,65;-79738,82017
222,7;-79734,92645
222,75;-79731,07459
222,8;-79727,18087
222,85;-79723,32901
222,9;-79719,47716
222,95;-79715,6253
223;-79711,81531
223,05;-79707,96346
223,1;-79704,1116
223,15;-79700,30161
223,2;-79696,49162
223,25;-79692,68164
223,3;-79688,87165
223,35;-79685,06166
223,4;-79681,25167
223,45;-79677,44168
223,5;-79673,67356
223,55;-79669,86358
223,6;-79666,09546
223,65;-79662,32734
223,7;-79658,51735
223,75;-79654,74923
223,8;-79651,02298
223,85;-79647,25486
223,9;-79643,48674
223,95;-79639,76048
224;-79635,99236
224,05;-79632,26611
224,1;-79628,53986
224,15;-79624,81361
224,2;-79621,08736
224,25;-79617,3611
224,3;-79613,63485
224,35;-79609,9086
224,4;-79606,22422
224,45;-79602,49796
224,5;-79598,81358
224,55;-79595,1292
224,6;-79591,44481
224,65;-79587,76043
224,7;-79584,07604
224,75;-79580,39166
224,8;-79576,70728
224,85;-79573,06476
224,9;-79569,38038
224,95;-79565,73786
225;-79562,09534
225,05;-79558,45283
225,1;-79554,81031
225,15;-79551,1678
225,2;-79547,52528
225,25;-79543,88276
225,3;-79540,24025
225,35;-79536,6396
225,4;-79532,99708
225,45;-79529,39644
225,5;-79525,79579
225,55;-79522,19514
225,6;-79518,55262
225,65;-79514,99384
225,7;-79511,3932
225,75;-79507,79255
225,8;-79504,1919
225,85;-79500,63312
225,9;-79497,03247
225,95;-79493,47369
226;-79489,91491
226,05;-79486,31426
226,1;-79482,75548
226,15;-79479,1967
226,2;-79475,63792
226,25;-79472,12101
226,3;-79468,56223
226,35;-79465,00345
226,4;-79461,48654
226,45;-79457,92776
226,5;-79454,41085
226,55;-79450,89394
226,6;-79447,33516
226,65;-79443,81824
226,7;-79440,30133
226,75;-79436,78442
226,8;-79433,30938
226,85;-79429,79246
226,9;-79426,27555
226,95;-79422,80051
227;-79419,2836
227,05;-79415,80855
227,1;-79412,33351
227,15;-79408,8166
227,2;-79405,34155
227,25;-79401,86651
227,3;-79398,39146
227,35;-79394,91642
227,4;-79391,48324
227,45;-79388,0082
227,5;-79384,53316
227,55;-79381,09998
227,6;-79377,62494
227,65;-79374,19176
227,7;-79370,75858
227,75;-79367,32541
227,8;-79363,89223
227,85;-79360,45906
227,9;-79357,02588
227,95;-79353,5927
228;-79350,15953
228,05;-79346,72635
228,1;-79343,33504
228,15;-79339,90187
228,2;-79336,51056
228,25;-79333,07738
228,3;-79329,68608
228,35;-79326,29477
228,4;-79322,90346
228,45;-79319,51215
228,5;-79316,12084
228,55;-79312,72954
228,6;-79309,33823
228,65;-79305,94692
228,7;-79302,59748
228,75;-79299,20617
228,8;-79295,81486
228,85;-79292,46542
228,9;-79289,11598
228,95;-79285,72468
229;-79282,37524
229,05;-79279,0258
229,1;-79275,67636
229,15;-79272,32692
229,2;-79268,97748
229,25;-79265,62804
229,3;-79262,32046
229,35;-79258,97102
229,4;-79255,62158
229,45;-79252,31401
229,5;-79248,96457
229,55;-79245,657
229,6;-79242,30756
229,65;-79238,99999
229,7;-79235,69242
229,75;-79232,38484
229,8;-79229,07727
229,85;-79225,7697
229,9;-79222,46213
229,95;-79219,15456
230;-79215,84698
230,05;-79212,58128
230,1;-79209,27371
230,15;-79206,008
230,2;-79202,70043
230,25;-79199,43473
230,3;-79196,12716
230,35;-79192,86145
230,4;-79189,59575
230,45;-79186,33004
230,5;-79183,06434
230,55;-79179,79864
230,6;-79176,53293
230,65;-79173,26723
230,7;-79170,00152
230,75;-79166,73582
230,8;-79163,51198
230,85;-79160,24628
230,9;-79157,02244
230,95;-79153,75674
231;-79150,5329
231,05;-79147,2672
231,1;-79144,04336
231,15;-79140,81953
231,2;-79137,59569
231,25;-79134,37186
231,3;-79131,14802
231,35;-79127,92418
231,4;-79124,70035
231,45;-79121,47651
231,5;-79118,25268
231,55;-79115,02884
231,6;-79111,84687
231,65;-79108,62304
231,7;-79105,44107
231,75;-79102,21723
231,8;-79099,03526
231,85;-79095,8533
231,9;-79092,62946
231,95;-79089,44749
232;-79086,26552
232,05;-79083,08356
232,1;-79079,90159
232,15;-79076,71962
232,2;-79073,53765
232,25;-79070,35568
232,3;-79067,17372
232,35;-79064,03362
232,4;-79060,85165
232,45;-79057,66968
232,5;-79054,52958
232,55;-79051,34761
232,6;-79048,20751
232,65;-79045,02554
232,7;-79041,88544
232,75;-79038,74534
232,8;-79035,60524
232,85;-79032,46514
232,9;-79029,28318
232,95;-79026,14308
233;-79023,00298
233,05;-79019,90474
233,1;-79016,76464
233,15;-79013,62454
233,2;-79010,48444
233,25;-79007,34434
233,3;-79004,24611
233,35;-79001,10601
233,4;-78998,00778
233,45;-78994,86768
233,5;-78991,76945
233,55;-78988,67122
233,6;-78985,53112
233,65;-78982,43288
233,7;-78979,33465
233,75;-78976,23642
233,8;-78973,13819
233,85;-78970,03996
233,9;-78966,94172
233,95;-78963,84349
234;-78960,74526
234,05;-78957,64703
234,1;-78954,5488
234,15;-78951,49243
234,2;-78948,3942
234,25;-78945,29597
234,3;-78942,2396
234,35;-78939,14137
234,4;-78936,08501
234,45;-78932,98678
234,5;-78929,93041
234,55;-78926,87405
234,6;-78923,81768
234,65;-78920,71945
234,7;-78917,66309
234,75;-78914,60672
234,8;-78911,55036
234,85;-78908,494
234,9;-78905,43763
234,95;-78902,38127
235;-78899,36677
235,05;-78896,31041
235,1;-78893,25404
235,15;-78890,19768
235,2;-78887,18318
235,25;-78884,12682
235,3;-78881,11232
235,35;-78878,05596
235,4;-78875,04146
235,45;-78871,9851
235,5;-78868,9706
235,55;-78865,95611
235,6;-78862,89974
235,65;-78859,88525
235,7;-78856,87075
235,75;-78853,85626
235,8;-78850,84176
235,85;-78847,82726
235,9;-78844,81277
235,95;-78841,79827
236;-78838,78378
236,05;-78835,76928
236,1;-78832,79665
236,15;-78829,78216
236,2;-78826,76766
236,25;-78823,79503
236,3;-78820,78054
236,35;-78817,80791
236,4;-78814,79341
236,45;-78811,82078
236,5;-78808,80629
236,55;-78805,83366
236,6;-78802,86103
236,65;-78799,84654
236,7;-78796,87391
236,75;-78793,90128
236,8;-78790,92865
236,85;-78787,95602
236,9;-78784,9834
236,95;-78782,01077
237;-78779,03814
237,05;-78776,06551
237,1;-78773,09288
237,15;-78770,12026
237,2;-78767,1895
237,25;-78764,21687
237,3;-78761,24424
237,35;-78758,27161
237,4;-78755,34085
237,45;-78752,36822
237,5;-78749,43746
237,55;-78746,46484
237,6;-78743,53408
237,65;-78740,60332
237,7;-78737,63069
237,75;-78734,69993
237,8;-78731,76917
237,85;-78728,83841
237,9;-78725,86578
237,95;-78722,93502
238;-78720,00426
238,05;-78717,0735
238,1;-78714,14274
238,15;-78711,21198
238,2;-78708,28122
238,25;-78705,35046
238,3;-78702,46157
238,35;-78699,53081
238,4;-78696,60005
238,45;-78693,66929
238,5;-78690,7804
238,55;-78687,84964
238,6;-78684,91888
238,65;-78682,02998
238,7;-78679,09922
238,75;-78676,21033
238,8;-78673,32144
238,85;-78670,39068
238,9;-78667,50179
238,95;-78664,57103
239;-78661,68214
239,05;-78658,79324
239,1;-78655,90435
239,15;-78653,01546
239,2;-78650,12657
239,25;-78647,19581
239,3;-78644,30692
239,35;-78641,41802
239,4;-78638,571
239,45;-78635,68211
239,5;-78632,79322
239,55;-78629,90432
239,6;-78627,01543
239,65;-78624,12654
239,7;-78621,27952
239,75;-78618,39062
239,8;-78615,50173
239,85;-78612,65471
239,9;-78609,76582
239,95;-78606,91879
240;-78604,0299
240,05;-78601,18288
240,1;-78598,29398
240,15;-78595,44696
240,2;-78592,59994
240,25;-78589,71104
240,3;-78586,86402
240,35;-78584,017
240,4;-78581,16997
240,45;-78578,28108
240,5;-78575,43406
240,55;-78572,58703
240,6;-78569,74001
240,65;-78566,89298
240,7;-78564,04596
240,75;-78561,19894
240,8;-78558,35191
240,85;-78555,50489
240,9;-78552,69973
240,95;-78549,85271
241;-78547,00568
241,05;-78544,15866
241,1;-78541,3535
241,15;-78538,50648
241,2;-78535,65946
241,25;-78532,8543
241,3;-78530,00728
241,35;-78527,20212
241,4;-78524,3551
241,45;-78521,54994
241,5;-78518,70292
241,55;-78515,89776
241,6;-78513,0926
241,65;-78510,24558
241,7;-78507,44042
241,75;-78504,63527
241,8;-78501,83011
241,85;-78498,98309
241,9;-78496,17793
241,95;-78493,37278
242;-78490,56762
242,05;-78487,76246
242,1;-78484,95731
242,15;-78482,15215
242,2;-78479,347
242,25;-78476,54184
242,3;-78473,73668
242,35;-78470,9734
242,4;-78468,16824
242,45;-78465,36308
242,5;-78462,55793
242,55;-78459,75277
242,6;-78456,98948
242,65;-78454,18433
242,7;-78451,42104
242,75;-78448,61588
242,8;-78445,81073
242,85;-78443,04744
242,9;-78440,24228
242,95;-78437,479
243;-78434,71571
243,05;-78431,91055
243,1;-78429,14726
243,15;-78426,38398
243,2;-78423,57882
243,25;-78420,81553
243,3;-78418,05224
243,35;-78415,28896
243,4;-78412,4838
243,45;-78409,72051
243,5;-78406,95722
243,55;-78404,19394
243,6;-78401,43065
243,65;-78398,66736
243,7;-78395,90407
243,75;-78393,14078
243,8;-78390,3775
243,85;-78387,61421
243,9;-78384,85092
243,95;-78382,1295
244;-78379,36621
244,05;-78376,60292
244,1;-78373,83964
244,15;-78371,11822
244,2;-78368,35493
244,25;-78365,59164
244,3;-78362,87022
244,35;-78360,10693
244,4;-78357,38551
244,45;-78354,62222
244,5;-78351,9008
244,55;-78349,13752
244,6;-78346,4161
244,65;-78343,65281
244,7;-78340,93139
244,75;-78338,20997
244,8;-78335,44668
244,85;-78332,72526
244,9;-78330,00384
244,95;-78327,28242
245;-78324,51913
245,05;-78321,79771
245,1;-78319,07629
245,15;-78316,35487
245,2;-78313,63345
245,25;-78310,91203
245,3;-78308,19061
245,35;-78305,46919
245,4;-78302,74777
245,45;-78300,02635
245,5;-78297,30493
245,55;-78294,58351
245,6;-78291,86209
245,65;-78289,14067
245,7;-78286,46112
245,75;-78283,7397
245,8;-78281,01828
245,85;-78278,29686
245,9;-78275,61731
245,95;-78272,89589
246;-78270,17447
246,05;-78267,49492
246,1;-78264,7735
246,15;-78262,09394
246,2;-78259,37252
246,25;-78256,69297
246,3;-78253,97155
246,35;-78251,292
246,4;-78248,57058
246,45;-78245,89103
246,5;-78243,16961
246,55;-78240,49006
246,6;-78237,8105
246,65;-78235,13095
246,7;-78232,40953
246,75;-78229,72998
246,8;-78227,05043
246,85;-78224,37088
246,9;-78221,64946
246,95;-78218,9699
247;-78216,29035
247,05;-78213,6108
247,1;-78210,93125
247,15;-78208,2517
247,2;-78205,57214
247,25;-78202,89259
247,3;-78200,21304
247,35;-78197,53349
247,4;-78194,85394
247,45;-78192,21625
247,5;-78189,5367
247,55;-78186,85715
247,6;-78184,1776
247,65;-78181,49804
247,7;-78178,86036
247,75;-78176,18081
247,8;-78173,50126
247,85;-78170,86357
247,9;-78168,18402
247,95;-78165,50447
248;-78162,86678
248,05;-78160,18723
248,1;-78157,54955
248,15;-78154,87
248,2;-78152,23231
248,25;-78149,55276
248,3;-78146,91508
248,35;-78144,23552
248,4;-78141,59784
248,45;-78138,96016
248,5;-78136,2806
248,55;-78133,64292
248,6;-78131,00524
248,65;-78128,32568
248,7;-78125,688
248,75;-78123,05032
248,8;-78120,41263
248,85;-78117,77495
248,9;-78115,0954
248,95;-78112,45771
249;-78109,82003
249,05;-78107,18234
249,1;-78104,54466
249,15;-78101,90698
249,2;-78099,26929
249,25;-78096,63161
249,3;-78093,99392
249,35;-78091,35624
249,4;-78088,71856
249,45;-78086,08087
249,5;-78083,48506
249,55;-78080,84737
249,6;-78078,20969
249,65;-78075,572
249,7;-78072,93432
249,75;-78070,3385
249,8;-78067,70082
249,85;-78065,06314
249,9;-78062,46732
249,95;-78059,82964
250;-78057,19195
250,05;-78054,59614
250,1;-78051,95845
250,15;-78049,36264
250,2;-78046,72495
250,25;-78044,08727
250,3;-78041,49145
250,35;-78038,85377
250,4;-78036,25795
250,45;-78033,66214
250,5;-78031,02445
250,55;-78028,42864
250,6;-78025,79095
250,65;-78023,19514
250,7;-78020,59932
250,75;-78018,0035
250,8;-78015,36582
250,85;-78012,77
250,9;-78010,17419
250,95;-78007,57837
251;-78004,94069
251,05;-78002,34487
251,1;-77999,74906
251,15;-77997,15324
251,2;-77994,55742
251,25;-77991,96161
251,3;-77989,36579
251,35;-77986,76998
251,4;-77984,17416
251,45;-77981,57834
251,5;-77978,98253
251,55;-77976,38671
251,6;-77973,7909
251,65;-77971,19508
251,7;-77968,59926
251,75;-77966,00345
251,8;-77963,40763
251,85;-77960,85368
251,9;-77958,25787
251,95;-77955,66205
252;-77953,06624
252,05;-77950,51229
252,1;-77947,91647
252,15;-77945,32066
252,2;-77942,76671
252,25;-77940,17089
252,3;-77937,57508
252,35;-77935,02113
252,4;-77932,42531
252,45;-77929,8295
252,5;-77927,27555
252,55;-77924,67973
252,6;-77922,12578
252,65;-77919,52997
252,7;-77916,97602
252,75;-77914,3802
252,8;-77911,82626
252,85;-77909,27231
252,9;-77906,67649
252,95;-77904,12254
253;-77901,5686
253,05;-77898,97278
253,1;-77896,41883
253,15;-77893,86488
253,2;-77891,26907
253,25;-77888,71512
253,3;-77886,16117
253,35;-77883,60722
253,4;-77881,05328
253,45;-77878,45746
253,5;-77875,90351
253,55;-77873,34956
253,6;-77870,79562
253,65;-77868,24167
253,7;-77865,68772
253,75;-77863,13377
253,8;-77860,57982
253,85;-77858,02588
253,9;-77855,47193
253,95;-77852,91798
254;-77850,36403
254,05;-77847,81008
254,1;-77845,25614
254,15;-77842,70219
254,2;-77840,14824
254,25;-77837,59429
254,3;-77835,04034
254,35;-77832,52826
254,4;-77829,97432
254,45;-77827,42037
254,5;-77824,86642
254,55;-77822,35434
254,6;-77819,80039
254,65;-77817,24644
254,7;-77814,6925
254,75;-77812,18042
254,8;-77809,62647
254,85;-77807,11439
254,9;-77804,56044
254,95;-77802,00649
255;-77799,49441
255,05;-77796,94046
255,1;-77794,42838
255,15;-77791,87444
255,2;-77789,36236
255,25;-77786,80841
255,3;-77784,29633
255,35;-77781,74238
255,4;-77779,2303
255,45;-77776,67635
255,5;-77774,16427
255,55;-77771,65219
255,6;-77769,09824
255,65;-77766,58616
255,7;-77764,07408
255,75;-77761,52014
255,8;-77759,00806
255,85;-77756,49598
255,9;-77753,94203
255,95;-77751,42995
256;-77748,91787
256,05;-77746,40579
256,1;-77743,89371
256,15;-77741,33976
256,2;-77738,82768
256,25;-77736,3156
256,3;-77733,80352
256,35;-77731,29144
256,4;-77728,77936
256,45;-77726,26728
256,5;-77723,7552
256,55;-77721,24312
256,6;-77718,73104
256,65;-77716,21896
256,7;-77713,70688
256,75;-77711,1948
256,8;-77708,68272
256,85;-77706,17064
256,9;-77703,65856
256,95;-77701,14648
257;-77698,6344
257,05;-77696,12232
257,1;-77693,65211
257,15;-77691,14003
257,2;-77688,62795
257,25;-77686,11587
257,3;-77683,60379
257,35;-77681,13358
257,4;-77678,6215
257,45;-77676,10942
257,5;-77673,6392
257,55;-77671,12712
257,6;-77668,61504
257,65;-77666,14483
257,7;-77663,63275
257,75;-77661,12067
257,8;-77658,65046
257,85;-77656,13838
257,9;-77653,66817
257,95;-77651,15609
258;-77648,64401
258,05;-77646,1738
258,1;-77643,66172
258,15;-77641,1915
258,2;-77638,67942
258,25;-77636,20921
258,3;-77633,739
258,35;-77631,22692
258,4;-77628,75671
258,45;-77626,24463
258,5;-77623,77442
258,55;-77621,3042
258,6;-77618,79212
258,65;-77616,32191
258,7;-77613,8517
258,75;-77611,33962
258,8;-77608,86941
258,85;-77606,3992
258,9;-77603,88712
258,95;-77601,4169
259;-77598,94669
259,05;-77596,47648
259,1;-77594,00627
259,15;-77591,49419
259,2;-77589,02398
259,25;-77586,55376
259,3;-77584,08355
259,35;-77581,61334
259,4;-77579,14313
259,45;-77576,67292
259,5;-77574,2027
259,55;-77571,73249
259,6;-77569,26228
259,65;-77566,79207
259,7;-77564,32186
259,75;-77561,85164
259,8;-77559,38143
259,85;-77556,91122
259,9;-77554,44101
259,95;-77551,9708
260;-77549,50058
260,05;-77547,03037
260,1;-77544,56016
260,15;-77542,08995
260,2;-77539,61974
260,25;-77537,19139
260,3;-77534,72118
260,35;-77532,25097
260,4;-77529,78076
260,45;-77527,31054
260,5;-77524,8822
260,55;-77522,41199
260,6;-77519,94178
260,65;-77517,47156
260,7;-77515,04322
260,75;-77512,57301
260,8;-77510,1028
260,85;-77507,67445
260,9;-77505,20424
260,95;-77502,73403
261;-77500,30568
261,05;-77497,83547
261,1;-77495,40713
261,15;-77492,93692
261,2;-77490,4667
261,25;-77488,03836
261,3;-77485,56815
261,35;-77483,1398
261,4;-77480,66959
261,45;-77478,24125
261,5;-77475,77104
261,55;-77473,34269
261,6;-77470,87248
261,65;-77468,44414
261,7;-77466,01579
261,75;-77463,54558
261,8;-77461,11724
261,85;-77458,64702
261,9;-77456,21868
261,95;-77453,79034
262;-77451,32012
262,05;-77448,89178
262,1;-77446,46344
262,15;-77443,99322
262,2;-77441,56488
262,25;-77439,13654
262,3;-77436,70819
262,35;-77434,23798
262,4;-77431,80964
262,45;-77429,38129
262,5;-77426,95295
262,55;-77424,5246
262,6;-77422,05439
262,65;-77419,62605
262,7;-77417,1977
262,75;-77414,76936
262,8;-77412,34102
262,85;-77409,91267
262,9;-77407,48433
262,95;-77405,05598
263;-77402,62764
263,05;-77400,15743
263,1;-77397,72908
263,15;-77395,30074
263,2;-77392,8724
263,25;-77390,44405
263,3;-77388,01571
263,35;-77385,58736
263,4;-77383,15902
263,45;-77380,77254
263,5;-77378,3442
263,55;-77375,91586
263,6;-77373,48751
263,65;-77371,05917
263,7;-77368,63082
263,75;-77366,20248
263,8;-77363,77414
263,85;-77361,34579
263,9;-77358,95932
263,95;-77356,53097
264;-77354,10263
264,05;-77351,67428
264,1;-77349,24594
264,15;-77346,85946
264,2;-77344,43112
264,25;-77342,00278
264,3;-77339,6163
264,35;-77337,18796
264,4;-77334,75961
264,45;-77332,33127
264,5;-77329,94479
264,55;-77327,51645
264,6;-77325,0881
264,65;-77322,70163
264,7;-77320,27328
264,75;-77317,88681
264,8;-77315,45846
264,85;-77313,03012
264,9;-77310,64364
264,95;-77308,2153
265;-77305,82882
265,05;-77303,40048
265,1;-77301,014
265,15;-77298,58566
265,2;-77296,19918
265,25;-77293,77084
265,3;-77291,38436
265,35;-77288,95602
265,4;-77286,56954
265,45;-77284,1412
265,5;-77281,75472
265,55;-77279,36825
265,6;-77276,9399
265,65;-77274,55343
265,7;-77272,12508
265,75;-77269,73861
265,8;-77267,35213
265,85;-77264,92379
265,9;-77262,53731
265,95;-77260,15084
266;-77257,72249
266,05;-77255,33602
266,1;-77252,94954
266,15;-77250,56306
266,2;-77248,13472
266,25;-77245,74824
266,3;-77243,36177
266,35;-77240,97529
266,4;-77238,54695
266,45;-77236,16047
266,5;-77233,774
266,55;-77231,38752
266,6;-77229,00104
266,65;-77226,5727
266,7;-77224,18622
266,75;-77221,79975
266,8;-77219,41327
266,85;-77217,0268
266,9;-77214,64032
266,95;-77212,25384
267;-77209,86737
267,05;-77207,48089
267,1;-77205,09442
267,15;-77202,70794
267,2;-77200,32146
267,25;-77197,93499
267,3;-77195,54851
267,35;-77193,16204
267,4;-77190,77556
267,45;-77188,38908
267,5;-77186,00261
267,55;-77183,61613
267,6;-77181,22966
267,65;-77178,84318
267,7;-77176,4567
267,75;-77174,07023
267,8;-77171,68375
267,85;-77169,29728
267,9;-77166,9108
267,95;-77164,56619
268;-77162,17972
268,05;-77159,79324
268,1;-77157,40676
268,15;-77155,02029
268,2;-77152,67568
268,25;-77150,2892
268,3;-77147,90273
268,35;-77145,51625
268,4;-77143,12978
268,45;-77140,78517
268,5;-77138,39869
268,55;-77136,01222
268,6;-77133,66761
268,65;-77131,28113
268,7;-77128,89466
268,75;-77126,50818
268,8;-77124,16357
268,85;-77121,7771
268,9;-77119,39062
268,95;-77117,04601
269;-77114,65954
269,05;-77112,31493
269,1;-77109,92845
269,15;-77107,54198
269,2;-77105,19737
269,25;-77102,81089
269,3;-77100,46628
269,35;-77098,07981
269,4;-77095,7352
269,45;-77093,34872
269,5;-77091,00412
269,55;-77088,61764
269,6;-77086,27303
269,65;-77083,88656
269,7;-77081,54195
269,75;-77079,15547
269,8;-77076,81086
269,85;-77074,42439
269,9;-77072,07978
269,95;-77069,6933
270;-77067,3487
270,05;-77065,00409
270,1;-77062,61761
270,15;-77060,273
270,2;-77057,88653
270,25;-77055,54192
270,3;-77053,19731
270,35;-77050,81084
270,4;-77048,46623
270,45;-77046,12162
270,5;-77043,73514
270,55;-77041,39054
270,6;-77039,04593
270,65;-77036,65945
270,7;-77034,31484
270,75;-77031,97024
270,8;-77029,62563
270,85;-77027,23915
270,9;-77024,89454
270,95;-77022,54994
271;-77020,20533
271,05;-77017,86072
271,1;-77015,47424
271,15;-77013,12964
271,2;-77010,78503
271,25;-77008,44042
271,3;-77006,09581
271,35;-77003,7512
271,4;-77001,36473
271,45;-76999,02012
271,5;-76996,67551
271,55;-76994,3309
271,6;-76991,9863
271,65;-76989,64169
271,7;-76987,29708
271,75;-76984,95247
271,8;-76982,60786
271,85;-76980,26326
271,9;-76977,91865
271,95;-76975,57404
272;-76973,22943
272,05;-76970,88482
272,1;-76968,54022
272,15;-76966,19561
272,2;-76963,851
272,25;-76961,50639
272,3;-76959,16178
272,35;-76956,81718
272,4;-76954,47257
272,45;-76952,12796
272,5;-76949,78335
272,55;-76947,43874
272,6;-76945,09414
272,65;-76942,74953
272,7;-76940,40492
272,75;-76938,10218
272,8;-76935,75757
272,85;-76933,41296
272,9;-76931,06836
272,95;-76928,72375
273;-76926,37914
273,05;-76924,03453
273,1;-76921,73179
273,15;-76919,38718
273,2;-76917,04258
273,25;-76914,69797
273,3;-76912,39523
273,35;-76910,05062
273,4;-76907,70601
273,45;-76905,3614
273,5;-76903,0168
273,55;-76900,71406
273,6;-76898,36945
273,65;-76896,02484
273,7;-76893,7221
273,75;-76891,37749
273,8;-76889,03288
273,85;-76886,73014
273,9;-76884,38554
273,95;-76882,04093
274;-76879,73819
274,05;-76877,39358
274,1;-76875,04897
274,15;-76872,74623
274,2;-76870,40162
274,25;-76868,09888
274,3;-76865,75428
274,35;-76863,40967
274,4;-76861,10693
274,45;-76858,76232
274,5;-76856,45958
274,55;-76854,11497
274,6;-76851,81223
274,65;-76849,46762
274,7;-76847,16488
274,75;-76844,82028
274,8;-76842,51754
274,85;-76840,17293
274,9;-76837,87019
274,95;-76835,52558
275;-76833,22284
275,05;-76830,87823
275,1;-76828,57549
275,15;-76826,23088
275,2;-76823,92814
275,25;-76821,58354
275,3;-76819,2808
275,35;-76816,97806
275,4;-76814,63345
275,45;-76812,33071
275,5;-76809,9861
275,55;-76807,68336
275,6;-76805,38062
275,65;-76803,03601
275,7;-76800,73327
275,75;-76798,43053
275,8;-76796,08592
275,85;-76793,78318
275,9;-76791,48044
275,95;-76789,13584
276;-76786,8331
276,05;-76784,53036
276,1;-76782,18575
276,15;-76779,88301
276,2;-76777,58027
276,25;-76775,27753
276,3;-76772,93292
276,35;-76770,63018
276,4;-76768,32744
276,45;-76766,0247
276,5;-76763,68009
276,55;-76761,37735
276,6;-76759,07461
276,65;-76756,77187
276,7;-76754,46913
276,75;-76752,12452
276,8;-76749,82178
276,85;-76747,51904
276,9;-76745,2163
276,95;-76742,91356
277;-76740,61082
277,05;-76738,30808
277,1;-76735,96348
277,15;-76733,66074
277,2;-76731,358
277,25;-76729,05526
277,3;-76726,75252
277,35;-76724,44978
277,4;-76722,14704
277,45;-76719,8443
277,5;-76717,54156
277,55;-76715,23882
277,6;-76712,93608
277,65;-76710,63334
277,7;-76708,3306
277,75;-76706,02786
277,8;-76703,72512
277,85;-76701,42238
277,9;-76699,11964
277,95;-76696,8169
278;-76694,51416
278,05;-76692,21142
278,1;-76689,90868
278,15;-76687,60594
278,2;-76685,3032
278,25;-76683,00046
278,3;-76680,69772
278,35;-76678,39498
278,4;-76676,09224
278,45;-76673,7895
278,5;-76671,48676
278,55;-76669,18402
278,6;-76666,92314
278,65;-76664,6204
278,7;-76662,31766
278,75;-76660,01492
278,8;-76657,71218
278,85;-76655,40944
278,9;-76653,1067
278,95;-76650,84583
279;-76648,54309
279,05;-76646,24035
279,1;-76643,93761
279,15;-76641,63487
279,2;-76639,33213
279,25;-76637,07126
279,3;-76634,76852
279,35;-76632,46578
279,4;-76630,16304
279,45;-76627,90217
279,5;-76625,59943
279,55;-76623,29669
279,6;-76620,99395
279,65;-76618,73308
279,7;-76616,43034
279,75;-76614,1276
279,8;-76611,82486
279,85;-76609,56398
279,9;-76607,26124
279,95;-76604,9585
280;-76602,69763
280,05;-76600,39489
280,1;-76598,09215
280,15;-76595,83128
280,2;-76593,52854
280,25;-76591,2258
280,3;-76588,96493
280,35;-76586,66219
280,4;-76584,40132
280,45;-76582,09858
280,5;-76579,79584
280,55;-76577,53496
280,6;-76575,23222
280,65;-76572,97135
280,7;-76570,66861
280,75;-76568,36587
280,8;-76566,105
280,85;-76563,80226
280,9;-76561,54139
280,95;-76559,23865
281;-76556,97778
281,05;-76554,67504
281,1;-76552,41416
281,15;-76550,11142
281,2;-76547,85055
281,25;-76545,54781
281,3;-76543,28694
281,35;-76540,9842
281,4;-76538,72333
281,45;-76536,42059
281,5;-76534,15972
281,55;-76531,85698
281,6;-76529,5961
281,65;-76527,29336
281,7;-76525,03249
281,75;-76522,72975
281,8;-76520,46888
281,85;-76518,20801
281,9;-76515,90527
281,95;-76513,6444
282;-76511,34166
282,05;-76509,08078
282,1;-76506,81991
282,15;-76504,51717
282,2;-76502,2563
282,25;-76499,99543
282,3;-76497,69269
282,35;-76495,43182
282,4;-76493,12908
282,45;-76490,8682
282,5;-76488,60733
282,55;-76486,30459
282,6;-76484,04372
282,65;-76481,78285
282,7;-76479,52198
282,75;-76477,21924
282,8;-76474,95836
282,85;-76472,69749
282,9;-76470,39475
282,95;-76468,13388
283;-76465,87301
283,05;-76463,61214
283,1;-76461,3094
283,15;-76459,04852
283,2;-76456,78765
283,25;-76454,52678
283,3;-76452,22404
283,35;-76449,96317
283,4;-76447,7023
283,45;-76445,44142
283,5;-76443,18055
283,55;-76440,87781
283,6;-76438,61694
283,65;-76436,35607
283,7;-76434,0952
283,75;-76431,83432
283,8;-76429,53158
283,85;-76427,27071
283,9;-76425,00984
283,95;-76422,74897
284;-76420,4881
284,05;-76418,22722
284,1;-76415,96635
284,15;-76413,70548
284,2;-76411,40274
284,25;-76409,14187
284,3;-76406,881
284,35;-76404,62012
284,4;-76402,35925
284,45;-76400,09838
284,5;-76397,83751
284,55;-76395,57664
284,6;-76393,31576
284,65;-76391,05489
284,7;-76388,79402
284,75;-76386,53315
284,8;-76384,27228
284,85;-76382,0114
284,9;-76379,70866
284,95;-76377,44779
285;-76375,18692
285,05;-76372,92605
285,1;-76370,66518
285,15;-76368,4043
285,2;-76366,14343
285,25;-76363,88256
285,3;-76361,66356
285,35;-76359,40268
285,4;-76357,14181
285,45;-76354,88094
285,5;-76352,62007
285,55;-76350,3592
285,6;-76348,09832
285,65;-76345,83745
285,7;-76343,57658
285,75;-76341,31571
285,8;-76339,05484
285,85;-76336,79396
285,9;-76334,53309
285,95;-76332,27222
286;-76330,01135
286,05;-76327,79234
286,1;-76325,53147
286,15;-76323,2706
286,2;-76321,00973
286,25;-76318,74886
286,3;-76316,48798
286,35;-76314,22711
286,4;-76312,00811
286,45;-76309,74724
286,5;-76307,48636
286,55;-76305,22549
286,6;-76302,96462
286,65;-76300,70375
286,7;-76298,48474
286,75;-76296,22387
286,8;-76293,963
286,85;-76291,70213
286,9;-76289,44126
286,95;-76287,22225
287;-76284,96138
287,05;-76282,70051
287,1;-76280,43964
287,15;-76278,17876
287,2;-76275,95976
287,25;-76273,69889
287,3;-76271,43802
287,35;-76269,17714
287,4;-76266,95814
287,45;-76264,69727
287,5;-76262,4364
287,55;-76260,21739
287,6;-76257,95652
287,65;-76255,69565
287,7;-76253,43478
287,75;-76251,21577
287,8;-76248,9549
287,85;-76246,69403
287,9;-76244,47502
287,95;-76242,21415
288;-76239,95328
288,05;-76237,73428
288,1;-76235,4734
288,15;-76233,21253
288,2;-76230,99353
288,25;-76228,73266
288,3;-76226,47178
288,35;-76224,25278
288,4;-76221,99191
288,45;-76219,7729
288,5;-76217,51203
288,55;-76215,25116
288,6;-76213,03216
288,65;-76210,77128
288,7;-76208,55228
288,75;-76206,29141
288,8;-76204,03054
288,85;-76201,81153
288,9;-76199,55066
288,95;-76197,33166
289;-76195,07078
289,05;-76192,85178
289,1;-76190,59091
289,15;-76188,3719
289,2;-76186,11103
289,25;-76183,85016
289,3;-76181,63116
289,35;-76179,37028
289,4;-76177,15128
289,45;-76174,89041
289,5;-76172,6714
289,55;-76170,41053
289,6;-76168,19153
289,65;-76165,93066
289,7;-76163,71165
289,75;-76161,45078
289,8;-76159,23178
289,85;-76156,9709
289,9;-76154,7519
289,95;-76152,5329
290;-76150,27202
290,05;-76148,05302
290,1;-76145,79215
290,15;-76143,57314
290,2;-76141,31227
290,25;-76139,09327
290,3;-76136,8324
290,35;-76134,61339
290,4;-76132,39439
290,45;-76130,13352
290,5;-76127,91451
290,55;-76125,65364
290,6;-76123,43464
290,65;-76121,21563
290,7;-76118,95476
290,75;-76116,73576
290,8;-76114,47488
290,85;-76112,25588
290,9;-76110,03688
290,95;-76107,776
291;-76105,557
291,05;-76103,338
291,1;-76101,07712
291,15;-76098,85812
291,2;-76096,63912
291,25;-76094,37824
291,3;-76092,15924
291,35;-76089,94024
291,4;-76087,67936
291,45;-76085,46036
291,5;-76083,24136
291,55;-76080,98048
291,6;-76078,76148
291,65;-76076,54248
291,7;-76074,32347
291,75;-76072,0626
291,8;-76069,8436
291,85;-76067,62459
291,9;-76065,36372
291,95;-76063,14472
292;-76060,92571
292,05;-76058,70671
292,1;-76056,44584
292,15;-76054,22683
292,2;-76052,00783
292,25;-76049,78882
292,3;-76047,52795
292,35;-76045,30895
292,4;-76043,08994
292,45;-76040,87094
292,5;-76038,65194
292,55;-76036,39106
292,6;-76034,17206
292,65;-76031,95306
292,7;-76029,73405
292,75;-76027,51505
292,8;-76025,25418
292,85;-76023,03517
292,9;-76020,81617
292,95;-76018,59716
293;-76016,37816
293,05;-76014,15916
293,1;-76011,89828
293,15;-76009,67928
293,2;-76007,46028
293,25;-76005,24127
293,3;-76003,02227
293,35;-76000,80326
293,4;-75998,58426
293,45;-75996,32339
293,5;-75994,10438
293,55;-75991,88538
293,6;-75989,66638
293,65;-75987,44737
293,7;-75985,22837
293,75;-75983,00936
293,8;-75980,79036
293,85;-75978,57136
293,9;-75976,35235
293,95;-75974,09148
294;-75971,87248
294,05;-75969,65347
294,1;-75967,43447
294,15;-75965,21546
294,2;-75962,99646
294,25;-75960,77746
294,3;-75958,55845
294,35;-75956,33945
294,4;-75954,12044
294,45;-75951,90144
294,5;-75949,68244
294,55;-75947,46343
294,6;-75945,24443
294,65;-75943,02542
294,7;-75940,80642
294,75;-75938,58742
294,8;-75936,36841
294,85;-75934,14941
294,9;-75931,9304
294,95;-75929,7114
295;-75927,4924
295,05;-75925,27339
295,1;-75923,05439
295,15;-75920,83538
295,2;-75918,61638
295,25;-75916,39738
295,3;-75914,17837
295,35;-75911,95937
295,4;-75909,74036
295,45;-75907,52136
295,5;-75905,30236
295,55;-75903,08335
295,6;-75900,86435
295,65;-75898,64534
295,7;-75896,42634
295,75;-75894,20734
295,8;-75892,0302
295,85;-75889,8112
295,9;-75887,59219
295,95;-75885,37319
296;-75883,15418
296,05;-75880,93518
296,1;-75878,71618
296,15;-75876,49717
296,2;-75874,27817
296,25;-75872,05916
296,3;-75869,88203
296,35;-75867,66302
296,4;-75865,44402
296,45;-75863,22502
296,5;-75861,00601
296,55;-75858,78701
296,6;-75856,568
296,65;-75854,349
296,7;-75852,17186
296,75;-75849,95286
296,8;-75847,73386
296,85;-75845,51485
296,9;-75843,29585
296,95;-75841,07684
297;-75838,89971
297,05;-75836,6807
297,1;-75834,4617
297,15;-75832,2427
297,2;-75830,02369
297,25;-75827,84656
297,3;-75825,62755
297,35;-75823,40855
297,4;-75821,18954
297,45;-75818,97054
297,5;-75816,7934
297,55;-75814,5744
297,6;-75812,3554
297,65;-75810,13639
297,7;-75807,95926
297,75;-75805,74025
297,8;-75803,52125
297,85;-75801,30224
297,9;-75799,08324
297,95;-75796,9061
298;-75794,6871
298,05;-75792,4681
298,1;-75790,24909
298,15;-75788,07196
298,2;-75785,85295
298,25;-75783,63395
298,3;-75781,45681
298,35;-75779,23781
298,4;-75777,0188
298,45;-75774,7998
298,5;-75772,62266
298,55;-75770,40366
298,6;-75768,18466
298,65;-75766,00752
298,7;-75763,78852
298,75;-75761,56951
298,8;-75759,39238
298,85;-75757,17337
298,9;-75754,95437
298,95;-75752,73536
299;-75750,55823
299,05;-75748,33922
299,1;-75746,12022
299,15;-75743,94308
299,2;-75741,72408
299,25;-75739,54694
299,3;-75737,32794
299,35;-75735,10894
299,4;-75732,9318
299,45;-75730,7128
299,5;-75728,49379
299,55;-75726,31666
299,6;-75724,09765
299,65;-75721,87865
299,7;-75719,70151
299,75;-75717,48251
299,8;-75715,30537
299,85;-75713,08637
299,9;-75710,86736
299,95;-75708,7
300;-75706,5
